Time,ó‚ãpêÖëóÇËâ∑ìx,îrîMâÒé˚ï‚ããêÖâ∑ìx
2023-02-17 08:13:00,  19.5,   7.8
2023-02-17 08:14:00,  19.6,   7.8
2023-02-17 08:15:00,  19.7,   7.9
2023-02-17 08:16:00,  19.9,   8.0
2023-02-17 08:17:00,  19.8,   7.9
2023-02-17 08:18:00,  19.8,   8.0
2023-02-17 08:19:00,  19.8,   7.9
2023-02-17 08:20:00,  19.9,   8.0
2023-02-17 08:22:00,  19.8,   8.0
2023-02-17 08:23:00,  19.9,   8.1
2023-02-17 08:24:00,  20.0,   8.1
2023-02-17 08:25:00,  20.0,   8.1
2023-02-17 08:26:00,  20.2,   8.2
2023-02-17 08:27:00,  20.2,   8.3
2023-02-17 08:28:00,  20.2,   8.2
2023-02-17 08:29:00,  20.4,   8.4
2023-02-17 08:30:00,  20.3,   8.2
2023-02-17 08:31:00,  20.5,   8.4
2023-02-17 08:32:00,  20.6,   8.4
2023-02-17 08:33:00,  20.5,   8.2
2023-02-17 08:34:00,  20.6,   8.3
2023-02-17 08:35:00,  20.6,   8.3
2023-02-17 08:36:00,  20.8,   8.5
2023-02-17 08:37:00,  20.7,   8.5
2023-02-17 08:38:00,  20.8,   8.6
2023-02-17 08:39:00,  20.6,   8.5
2023-02-17 08:40:00,  20.8,   8.6
2023-02-17 08:41:00,  20.9,   8.7
2023-02-17 08:42:00,  20.9,   8.7
2023-02-17 08:43:00,  20.7,   8.5
2023-02-17 08:44:00,  20.8,   8.5
2023-02-17 08:45:00,  20.7,   8.4
2023-02-17 08:46:00,  20.9,   8.5
2023-02-17 08:47:00,  20.8,   8.4
2023-02-17 08:48:00,  20.8,   8.3
2023-02-17 08:49:00,  21.1,   8.4
2023-02-17 08:50:00,  21.1,   8.4
2023-02-17 08:51:00,  21.0,   8.3
2023-02-17 08:52:00,  21.0,   8.3
2023-02-17 08:53:00,  21.2,   8.5
2023-02-17 08:54:00,  21.2,   8.5
2023-02-17 08:55:00,  20.9,   8.3
2023-02-17 08:56:00,  21.0,   8.5
2023-02-17 08:57:00,  20.8,   8.5
2023-02-17 08:58:00,  20.8,   8.6
2023-02-17 08:59:00,  20.9,   8.6
2023-02-17 09:00:00,  20.9,   8.4
2023-02-17 09:01:00,  21.4,   8.6
2023-02-17 09:02:00,  21.5,   8.5
2023-02-17 09:03:00,  21.7,   8.5
2023-02-17 09:04:00,  21.8,   8.5
2023-02-17 09:05:00,  21.6,   8.4
2023-02-17 09:06:00,  21.2,   8.5
2023-02-17 09:07:00,  20.8,   8.6
2023-02-17 09:08:00,  20.2,   8.5
2023-02-17 09:09:00,  19.8,   8.6
2023-02-17 09:10:00,  19.5,   8.5
2023-02-17 09:11:00,  19.5,   8.7
2023-02-17 09:12:00,  19.3,   8.7
2023-02-17 09:13:00,  19.0,   8.7
2023-02-17 09:14:00,  18.8,   8.7
2023-02-17 09:15:00,  18.9,   8.8
2023-02-17 09:16:00,  19.0,   8.8
2023-02-17 09:17:00,  19.3,   8.9
2023-02-17 09:18:00,  19.6,   9.0
2023-02-17 09:19:00,  19.9,   9.1
2023-02-17 09:20:00,  20.0,   9.1
2023-02-17 09:21:00,  20.3,   9.1
2023-02-17 09:22:00,  20.4,   9.0
2023-02-17 09:23:00,  20.6,   9.1
2023-02-17 09:24:00,  20.8,   9.1
2023-02-17 09:25:00,  21.0,   9.1
2023-02-17 09:26:00,  21.4,   9.3
2023-02-17 09:27:00,  21.4,   9.2
2023-02-17 09:28:00,  21.6,   9.2
2023-02-17 09:29:00,  21.9,   9.3
2023-02-17 09:30:00,  21.9,   9.4
2023-02-17 09:31:00,  21.5,   9.4
2023-02-17 09:32:00,  21.1,   9.4
2023-02-17 09:33:00,  20.8,   9.5
2023-02-17 09:34:00,  20.3,   9.3
2023-02-17 09:35:00,  20.1,   9.5
2023-02-17 09:36:00,  19.7,   9.4
2023-02-17 09:37:00,  19.4,   9.4
2023-02-17 09:38:00,  19.1,   9.4
2023-02-17 09:39:00,  19.2,   9.6
2023-02-17 09:40:00,  19.1,   9.4
2023-02-17 09:41:00,  19.4,   9.5
2023-02-17 09:42:00,  19.6,   9.5
2023-02-17 09:43:00,  19.9,   9.4
2023-02-17 09:44:00,  20.3,   9.5
2023-02-17 09:45:00,  20.8,   9.6
2023-02-17 09:46:00,  21.0,   9.6
2023-02-17 09:47:00,  21.0,   9.5
2023-02-17 09:48:00,  21.4,   9.7
2023-02-17 09:49:00,  21.3,   9.6
2023-02-17 09:50:00,  21.4,   9.6
2023-02-17 09:51:00,  21.7,   9.6
2023-02-17 09:52:00,  21.7,   9.4
2023-02-17 09:53:00,  21.7,   9.3
2023-02-17 09:54:00,  21.5,   9.2
2023-02-17 09:55:00,  21.4,   9.3
2023-02-17 09:56:00,  20.9,   9.1
2023-02-17 09:57:00,  20.5,   9.0
2023-02-17 09:58:00,  20.3,   9.1
2023-02-17 09:59:00,  20.2,   9.1
2023-02-17 10:00:00,  19.8,   9.0
2023-02-17 10:01:00,  19.6,   9.0
2023-02-17 10:02:00,  19.3,   9.0
2023-02-17 10:03:00,  19.3,   9.1
2023-02-17 10:04:00,  19.0,   8.9
2023-02-17 10:05:00,  19.4,   9.0
2023-02-17 10:06:00,  19.5,   8.8
2023-02-17 10:07:00,  20.0,   9.0
2023-02-17 10:08:00,  20.1,   8.9
2023-02-17 10:09:00,  20.3,   8.8
2023-02-17 10:10:00,  20.6,   8.8
2023-02-17 10:11:00,  20.9,   8.8
2023-02-17 10:12:00,  21.3,   8.9
2023-02-17 10:13:00,  21.7,   9.0
2023-02-17 10:14:00,  21.7,   8.9
2023-02-17 10:15:00,  22.0,   9.0
2023-02-17 10:16:00,  21.9,   9.0
2023-02-17 10:17:00,  21.8,   9.2
2023-02-17 10:18:00,  21.3,   9.1
2023-02-17 10:19:00,  21.2,   9.4
2023-02-17 10:20:00,  20.6,   9.2
2023-02-17 10:21:00,  20.5,   9.5
2023-02-17 10:22:00,  19.9,   9.4
2023-02-17 10:23:00,  19.6,   9.4
2023-02-17 10:24:00,  19.3,   9.5
2023-02-17 10:25:00,  19.0,   9.6
2023-02-17 10:26:00,  19.0,   9.7
2023-02-17 10:27:00,  19.2,   9.8
2023-02-17 10:28:00,  19.0,   9.7
2023-02-17 10:29:00,  19.5,   9.9
2023-02-17 10:30:00,  19.5,   9.9
2023-02-17 10:31:00,  19.7,   9.8
2023-02-17 10:32:00,  19.9,   9.9
2023-02-17 10:33:00,  20.0,   9.9
2023-02-17 10:34:00,  20.2,   9.9
2023-02-17 10:35:00,  20.5,  10.0
2023-02-17 10:36:00,  20.7,  10.0
2023-02-17 10:37:00,  21.0,  10.0
2023-02-17 10:38:00,  21.1,   9.9
2023-02-17 10:39:00,  21.3,   9.8
2023-02-17 10:40:00,  21.5,   9.7
2023-02-17 10:41:00,  21.8,   9.7
2023-02-17 10:42:00,  21.7,   9.5
2023-02-17 10:43:00,  21.8,   9.6
2023-02-17 10:44:00,  21.4,   9.5
2023-02-17 10:45:00,  20.9,   9.3
2023-02-17 10:46:00,  20.7,   9.4
2023-02-17 10:47:00,  20.2,   9.2
2023-02-17 10:48:00,  19.9,   9.2
2023-02-17 10:49:00,  19.8,   9.4
2023-02-17 10:50:00,  19.5,   9.3
2023-02-17 10:51:00,  19.1,   9.1
2023-02-17 10:52:00,  19.2,   9.3
2023-02-17 10:53:00,  19.1,   9.1
2023-02-17 10:54:00,  19.5,   9.3
2023-02-17 10:55:00,  19.7,   9.2
2023-02-17 10:56:00,  19.8,   9.1
2023-02-17 10:57:00,  20.4,   9.3
2023-02-17 10:58:00,  20.5,   9.1
2023-02-17 10:59:00,  21.0,   9.1
2023-02-17 11:00:00,  21.4,   9.2
2023-02-17 11:01:00,  22.0,   9.4
2023-02-17 11:02:00,  22.1,   9.3
2023-02-17 11:03:00,  21.9,   9.2
2023-02-17 11:04:00,  21.6,   9.2
2023-02-17 11:05:00,  21.3,   9.2
2023-02-17 11:06:00,  21.1,   9.3
2023-02-17 11:07:00,  20.9,   9.4
2023-02-17 11:08:00,  20.5,   9.3
2023-02-17 11:09:00,  20.5,   9.5
2023-02-17 11:10:00,  20.1,   9.3
2023-02-17 11:11:00,  20.2,   9.5
2023-02-17 11:12:00,  19.8,   9.3
2023-02-17 11:13:00,  19.7,   9.4
2023-02-17 11:14:00,  19.5,   9.4
2023-02-17 11:15:00,  19.2,   9.5
2023-02-17 11:16:00,  18.8,   9.4
2023-02-17 11:17:00,  18.8,   9.5
2023-02-17 11:18:00,  18.7,   9.4
2023-02-17 11:19:00,  18.6,   9.4
2023-02-17 11:20:00,  18.7,   9.5
2023-02-17 11:21:00,  18.8,   9.5
2023-02-17 11:22:00,  18.8,   9.5
2023-02-17 11:23:00,  19.1,   9.6
2023-02-17 11:24:00,  19.2,   9.7
2023-02-17 11:25:00,  19.2,   9.6
2023-02-17 11:26:00,  19.4,   9.7
2023-02-17 11:27:00,  19.3,   9.5
2023-02-17 11:28:00,  19.4,   9.6
2023-02-17 11:29:00,  19.3,   9.6
2023-02-17 11:30:00,  19.5,   9.7
2023-02-17 11:31:00,  19.3,   9.6
2023-02-17 11:32:00,  19.3,   9.7
2023-02-17 11:33:00,  19.2,   9.8
2023-02-17 11:34:00,  19.2,   9.7
2023-02-17 11:35:00,  19.4,   9.8
2023-02-17 11:36:00,  19.4,   9.8
2023-02-17 11:37:00,  19.5,   9.8
2023-02-17 11:38:00,  19.9,  10.0
2023-02-17 11:39:00,  19.8,   9.9
2023-02-17 11:40:00,  19.9,   9.9
2023-02-17 11:41:00,  20.2,  10.1
2023-02-17 11:42:00,  20.3,  10.1
2023-02-17 11:43:00,  20.3,  10.2
2023-02-17 11:44:00,  20.0,  10.0
2023-02-17 11:45:00,  20.0,  10.1
2023-02-17 11:46:00,  20.1,  10.2
2023-02-17 11:47:00,  20.0,  10.2
2023-02-17 11:48:00,  19.7,  10.1
2023-02-17 11:49:00,  19.7,  10.2
2023-02-17 11:50:00,  19.7,  10.1
2023-02-17 11:51:00,  19.9,  10.1
2023-02-17 11:52:00,  20.0,  10.0
2023-02-17 11:53:00,  20.0,   9.8
2023-02-17 11:54:00,  20.4,   9.9
2023-02-17 11:55:00,  20.5,   9.9
2023-02-17 11:56:00,  20.6,   9.8
2023-02-17 11:57:00,  20.7,   9.7
2023-02-17 11:58:00,  20.6,   9.6
2023-02-17 11:59:00,  20.5,   9.5
2023-02-17 12:00:00,  20.6,   9.6
2023-02-17 12:01:00,  20.4,   9.4
2023-02-17 12:02:00,  20.5,   9.5
2023-02-17 12:03:00,  20.4,   9.5
2023-02-17 12:04:00,  20.2,   9.4
2023-02-17 12:05:00,  20.1,   9.4
2023-02-17 12:06:00,  20.4,   9.6
2023-02-17 12:07:00,  20.5,   9.6
2023-02-17 12:08:00,  20.7,   9.6
2023-02-17 12:09:00,  20.8,   9.5
2023-02-17 12:10:00,  20.9,   9.4
2023-02-17 12:11:00,  21.3,   9.5
2023-02-17 12:12:00,  21.4,   9.5
2023-02-17 12:13:00,  21.6,   9.5
2023-02-17 12:14:00,  21.7,   9.6
2023-02-17 12:15:00,  21.8,   9.5
2023-02-17 12:16:00,  21.9,   9.5
2023-02-17 12:17:00,  21.9,   9.6
2023-02-17 12:18:00,  21.5,   9.4
2023-02-17 12:19:00,  21.2,   9.4
2023-02-17 12:20:00,  21.0,   9.4
2023-02-17 12:21:00,  20.7,   9.4
2023-02-17 12:22:00,  20.6,   9.6
2023-02-17 12:23:00,  20.2,   9.6
2023-02-17 12:24:00,  19.9,   9.6
2023-02-17 12:25:00,  19.6,   9.5
2023-02-17 12:26:00,  19.2,   9.5
2023-02-17 12:27:00,  19.0,   9.5
2023-02-17 12:28:00,  18.9,   9.6
2023-02-17 12:29:00,  19.0,   9.6
2023-02-17 12:30:00,  19.1,   9.7
2023-02-17 12:31:00,  18.9,   9.5
2023-02-17 12:32:00,  18.9,   9.5
2023-02-17 12:33:00,  18.9,   9.6
2023-02-17 12:34:00,  18.9,   9.6
2023-02-17 12:35:00,  18.8,   9.6
2023-02-17 12:36:00,  18.7,   9.6
2023-02-17 12:37:00,  18.8,   9.7
2023-02-17 12:38:00,  18.9,   9.7
2023-02-17 12:39:00,  19.3,   9.8
2023-02-17 12:40:00,  19.2,   9.6
2023-02-17 12:41:00,  19.4,   9.7
2023-02-17 12:42:00,  19.7,   9.7
2023-02-17 12:43:00,  19.9,   9.7
2023-02-17 12:44:00,  20.1,   9.7
2023-02-17 12:45:00,  20.4,   9.8
2023-02-17 12:46:00,  20.5,   9.8
2023-02-17 12:47:00,  20.4,   9.8
2023-02-17 12:48:00,  20.2,   9.6
2023-02-17 12:49:00,  20.3,   9.8
2023-02-17 12:50:00,  20.2,   9.7
2023-02-17 12:51:00,  20.3,   9.7
2023-02-17 12:52:00,  20.7,   9.8
2023-02-17 12:53:00,  21.1,   9.8
2023-02-17 12:54:00,  21.2,   9.6
2023-02-17 12:55:00,  21.6,   9.7
2023-02-17 12:56:00,  21.8,   9.6
2023-02-17 12:57:00,  22.0,   9.7
2023-02-17 12:58:00,  21.6,   9.6
2023-02-17 12:59:00,  21.3,   9.6
2023-02-17 13:00:00,  21.2,   9.5
2023-02-17 13:01:00,  21.2,   9.6
2023-02-17 13:02:00,  21.0,   9.6
2023-02-17 13:03:00,  20.7,   9.4
2023-02-17 13:04:00,  20.9,   9.5
2023-02-17 13:05:00,  20.9,   9.3
2023-02-17 13:06:00,  21.1,   9.2
2023-02-17 13:07:00,  21.3,   9.2
2023-02-17 13:08:00,  21.8,   9.4
2023-02-17 13:09:00,  21.8,   9.2
2023-02-17 13:10:00,  21.7,   9.2
2023-02-17 13:11:00,  21.4,   9.3
2023-02-17 13:12:00,  20.9,   9.3
2023-02-17 13:13:00,  20.7,   9.5
2023-02-17 13:14:00,  20.5,   9.5
2023-02-17 13:15:00,  20.2,   9.5
2023-02-17 13:16:00,  19.9,   9.4
2023-02-17 13:17:00,  19.7,   9.4
2023-02-17 13:18:00,  19.8,   9.5
2023-02-17 13:19:00,  20.0,   9.6
2023-02-17 13:20:00,  20.2,   9.6
2023-02-17 13:21:00,  20.2,   9.4
2023-02-17 13:22:00,  20.6,   9.5
2023-02-17 13:23:00,  20.8,   9.4
2023-02-17 13:24:00,  21.1,   9.5
2023-02-17 13:25:00,  21.1,   9.4
2023-02-17 13:26:00,  21.2,   9.4
2023-02-17 13:27:00,  21.2,   9.4
2023-02-17 13:28:00,  21.3,   9.5
2023-02-17 13:29:00,  21.3,   9.6
2023-02-17 13:30:00,  21.2,   9.6
2023-02-17 13:31:00,  21.5,   9.7
2023-02-17 13:32:00,  21.6,   9.6
2023-02-17 13:33:00,  21.9,   9.7
2023-02-17 13:34:00,  22.0,   9.7
2023-02-17 13:35:00,  21.9,   9.7
2023-02-17 13:36:00,  21.5,   9.6
2023-02-17 13:37:00,  21.2,   9.6
2023-02-17 13:38:00,  21.2,   9.8
2023-02-17 13:39:00,  21.0,   9.7
2023-02-17 13:40:00,  20.9,   9.7
2023-02-17 13:41:00,  20.7,   9.7
2023-02-17 13:42:00,  20.5,   9.7
2023-02-17 13:43:00,  20.6,   9.9
2023-02-17 13:44:00,  20.5,   9.9
2023-02-17 13:45:00,  20.6,   9.9
2023-02-17 13:46:00,  20.7,   9.8
2023-02-17 13:47:00,  20.7,   9.7
2023-02-17 13:48:00,  21.1,   9.8
2023-02-17 13:49:00,  21.1,   9.7
2023-02-17 13:50:00,  21.4,   9.7
2023-02-17 13:51:00,  21.7,   9.8
2023-02-17 13:52:00,  21.8,   9.6
2023-02-17 13:53:00,  21.8,   9.7
2023-02-17 13:54:00,  21.6,   9.6
2023-02-17 13:55:00,  21.5,   9.8
2023-02-17 13:56:00,  21.2,   9.7
2023-02-17 13:57:00,  20.9,   9.7
2023-02-17 13:58:00,  20.7,   9.7
2023-02-17 13:59:00,  20.4,   9.6
2023-02-17 14:00:00,  20.1,   9.6
2023-02-17 14:01:00,  19.9,   9.5
2023-02-17 14:02:00,  19.7,   9.6
2023-02-17 14:03:00,  19.5,   9.6
2023-02-17 14:04:00,  19.1,   9.5
2023-02-17 14:05:00,  19.1,   9.6
2023-02-17 14:06:00,  19.1,   9.5
2023-02-17 14:07:00,  19.3,   9.5
2023-02-17 14:08:00,  19.7,   9.8
2023-02-17 14:09:00,  20.0,   9.7
2023-02-17 14:10:00,  20.2,   9.7
2023-02-17 14:11:00,  20.3,   9.5
2023-02-17 14:12:00,  20.7,   9.6
2023-02-17 14:13:00,  20.9,   9.6
2023-02-17 14:14:00,  21.0,   9.6
2023-02-17 14:15:00,  21.0,   9.6
2023-02-17 14:16:00,  21.1,   9.5
2023-02-17 14:17:00,  21.0,   9.4
2023-02-17 14:18:00,  21.3,   9.6
2023-02-17 14:19:00,  21.3,   9.6
2023-02-17 14:20:00,  21.4,   9.6
2023-02-17 14:21:00,  21.5,   9.4
2023-02-17 14:22:00,  22.0,   9.5
2023-02-17 14:23:00,  22.0,   9.4
2023-02-17 14:24:00,  22.1,   9.5
2023-02-17 14:25:00,  22.0,   9.4
2023-02-17 14:26:00,  21.6,   9.3
2023-02-17 14:27:00,  21.4,   9.2
2023-02-17 14:28:00,  21.1,   9.2
2023-02-17 14:29:00,  20.9,   9.1
2023-02-17 14:30:00,  20.7,   9.0
2023-02-17 14:31:00,  20.5,   8.9
2023-02-17 14:32:00,  20.4,   9.1
2023-02-17 14:33:00,  20.1,   9.0
2023-02-17 14:34:00,  19.9,   8.9
2023-02-17 14:35:00,  19.7,   9.0
2023-02-17 14:36:00,  19.6,   9.2
2023-02-17 14:37:00,  19.1,   9.0
2023-02-17 14:38:00,  19.0,   9.2
2023-02-17 14:39:00,  18.8,   9.2
2023-02-17 14:40:00,  19.1,   9.4
2023-02-17 14:41:00,  19.3,   9.5
2023-02-17 14:42:00,  19.2,   9.4
2023-02-17 14:43:00,  19.3,   9.4
2023-02-17 14:44:00,  19.5,   9.5
2023-02-17 14:45:00,  19.8,   9.6
2023-02-17 14:46:00,  19.8,   9.6
2023-02-17 14:47:00,  20.1,   9.7
2023-02-17 14:48:00,  20.3,   9.7
2023-02-17 14:49:00,  20.3,   9.6
2023-02-17 14:50:00,  20.6,   9.8
2023-02-17 14:51:00,  20.5,   9.8
2023-02-17 14:52:00,  20.5,   9.8
2023-02-17 14:53:00,  20.5,   9.8
2023-02-17 14:54:00,  20.5,   9.8
2023-02-17 14:55:00,  20.2,   9.7
2023-02-17 14:56:00,  20.1,   9.6
2023-02-17 14:57:00,  20.4,   9.7
2023-02-17 14:58:00,  20.5,   9.7
2023-02-17 14:59:00,  20.5,   9.6
2023-02-17 15:00:00,  20.6,   9.5
2023-02-17 15:01:00,  20.8,   9.5
2023-02-17 15:02:00,  20.9,   9.5
2023-02-17 15:03:00,  21.1,   9.5
2023-02-17 15:04:00,  21.3,   9.6
2023-02-17 15:05:00,  21.3,   9.6
2023-02-18 08:14:00,  23.7,   2.8
2023-02-18 08:15:00,  23.9,   2.9
2023-02-18 08:16:00,  24.0,   2.9
2023-02-18 08:17:00,  23.9,   2.9
2023-02-18 08:18:00,  24.0,   3.1
2023-02-18 08:19:00,  23.9,   3.0
2023-02-18 08:20:00,  23.9,   3.1
2023-02-18 08:21:00,  23.9,   3.2
2023-02-18 08:22:00,  23.7,   3.2
2023-02-18 08:23:00,  23.1,   3.2
2023-02-18 08:24:00,  22.7,   3.3
2023-02-18 08:25:00,  22.1,   3.3
2023-02-18 08:26:00,  21.7,   3.4
2023-02-18 08:27:00,  21.1,   3.3
2023-02-18 08:28:00,  20.9,   3.5
2023-02-18 08:29:00,  20.3,   3.4
2023-02-18 08:30:00,  20.2,   3.6
2023-02-18 08:31:00,  19.7,   3.5
2023-02-18 08:32:00,  19.4,   3.5
2023-02-18 08:33:00,  19.3,   3.7
2023-02-18 08:34:00,  18.9,   3.6
2023-02-18 08:35:00,  19.1,   3.8
2023-02-18 08:36:00,  19.3,   3.8
2023-02-18 08:37:00,  19.6,   3.9
2023-02-18 08:38:00,  19.8,   3.8
2023-02-18 08:39:00,  20.2,   3.9
2023-02-18 08:40:00,  20.4,   3.9
2023-02-18 08:41:00,  20.7,   3.9
2023-02-18 08:42:00,  20.8,   4.0
2023-02-18 08:43:00,  21.0,   4.1
2023-02-18 08:44:00,  21.2,   4.2
2023-02-18 08:45:00,  21.1,   4.3
2023-02-18 08:46:00,  21.1,   4.3
2023-02-18 08:47:00,  21.0,   4.3
2023-02-18 08:48:00,  21.4,   4.5
2023-02-18 08:49:00,  21.5,   4.4
2023-02-18 08:50:00,  22.0,   4.6
2023-02-18 08:51:00,  21.9,   4.4
2023-02-18 08:52:00,  22.0,   4.6
2023-02-18 08:53:00,  21.4,   4.5
2023-02-18 08:54:00,  21.2,   4.6
2023-02-18 08:55:00,  20.7,   4.5
2023-02-18 08:56:00,  20.4,   4.7
2023-02-18 08:57:00,  20.3,   4.8
2023-02-18 08:58:00,  20.0,   4.7
2023-02-18 08:59:00,  20.3,   4.9
2023-02-18 09:00:00,  20.2,   4.8
2023-02-18 09:01:00,  20.6,   5.0
2023-02-18 09:02:00,  20.9,   5.0
2023-02-18 09:03:00,  21.2,   5.0
2023-02-18 09:04:00,  21.4,   4.9
2023-02-18 09:05:00,  22.0,   5.2
2023-02-18 09:06:00,  22.0,   5.2
2023-02-18 09:07:00,  21.7,   5.2
2023-02-18 09:08:00,  21.4,   5.3
2023-02-18 09:09:00,  20.9,   5.2
2023-02-18 09:10:00,  20.8,   5.3
2023-02-18 09:11:00,  20.7,   5.2
2023-02-18 09:12:00,  20.9,   5.3
2023-02-18 09:13:00,  21.2,   5.4
2023-02-18 09:14:00,  21.4,   5.4
2023-02-18 09:15:00,  21.9,   5.5
2023-02-18 09:16:00,  22.0,   5.6
2023-02-18 09:17:00,  22.0,   5.6
2023-02-18 09:18:00,  21.6,   5.4
2023-02-18 09:19:00,  21.5,   5.7
2023-02-18 09:20:00,  21.2,   5.6
2023-02-18 09:21:00,  21.2,   5.8
2023-02-18 09:22:00,  21.0,   5.7
2023-02-18 09:23:00,  20.9,   5.8
2023-02-18 09:24:00,  21.0,   5.9
2023-02-18 09:25:00,  21.1,   5.9
2023-02-18 09:26:00,  21.0,   5.8
2023-02-18 09:27:00,  21.2,   5.8
2023-02-18 09:28:00,  21.6,   5.9
2023-02-18 09:29:00,  21.7,   5.9
2023-02-18 09:30:00,  22.0,   6.0
2023-02-18 09:31:00,  21.6,   5.9
2023-02-18 09:32:00,  21.6,   6.1
2023-02-18 09:33:00,  21.0,   5.9
2023-02-18 09:34:00,  20.7,   5.9
2023-02-18 09:35:00,  20.4,   6.0
2023-02-18 09:36:00,  20.1,   6.0
2023-02-18 09:37:00,  19.9,   6.1
2023-02-18 09:38:00,  19.7,   6.2
2023-02-18 09:39:00,  19.4,   6.2
2023-02-18 09:40:00,  19.2,   6.4
2023-02-18 09:41:00,  18.9,   6.2
2023-02-18 09:42:00,  19.2,   6.5
2023-02-18 09:43:00,  19.1,   6.3
2023-02-18 09:44:00,  19.5,   6.5
2023-02-18 09:45:00,  19.7,   6.5
2023-02-18 09:46:00,  19.7,   6.5
2023-02-18 09:47:00,  20.1,   6.6
2023-02-18 09:48:00,  20.2,   6.6
2023-02-18 09:49:00,  20.4,   6.6
2023-02-18 09:50:00,  20.9,   6.9
2023-02-18 09:51:00,  21.0,   6.7
2023-02-18 09:52:00,  21.5,   6.9
2023-02-18 09:53:00,  21.9,   6.8
2023-02-18 09:54:00,  22.1,   6.8
2023-02-18 09:55:00,  22.1,   6.8
2023-02-18 09:56:00,  22.2,   7.0
2023-02-18 09:57:00,  22.1,   6.9
2023-02-18 09:58:00,  22.1,   7.0
2023-02-18 09:59:00,  21.9,   7.0
2023-02-18 10:00:00,  21.9,   7.0
2023-02-18 10:01:00,  21.8,   7.1
2023-02-18 10:02:00,  21.6,   7.1
2023-02-18 10:03:00,  21.2,   7.2
2023-02-18 10:04:00,  21.0,   7.2
2023-02-18 10:05:00,  21.1,   7.4
2023-02-18 10:06:00,  21.0,   7.4
2023-02-18 10:07:00,  21.0,   7.4
2023-02-18 10:08:00,  20.9,   7.5
2023-02-18 10:09:00,  20.7,   7.4
2023-02-18 10:10:00,  20.9,   7.5
2023-02-18 10:11:00,  21.1,   7.5
2023-02-18 10:12:00,  21.5,   7.6
2023-02-18 10:13:00,  21.8,   7.7
2023-02-18 10:14:00,  22.0,   7.6
2023-02-18 10:15:00,  22.3,   7.8
2023-02-18 10:16:00,  22.3,   7.8
2023-02-18 10:17:00,  22.0,   7.6
2023-02-18 10:18:00,  21.9,   7.7
2023-02-18 10:19:00,  21.8,   7.8
2023-02-18 10:20:00,  21.4,   7.7
2023-02-18 10:21:00,  21.2,   7.6
2023-02-18 10:22:00,  21.0,   7.6
2023-02-18 10:23:00,  20.9,   7.6
2023-02-18 10:24:00,  20.9,   7.7
2023-02-18 10:25:00,  20.8,   7.6
2023-02-18 10:26:00,  21.1,   7.6
2023-02-18 10:27:00,  21.5,   7.5
2023-02-18 10:28:00,  22.1,   7.5
2023-02-18 10:29:00,  22.6,   7.7
2023-02-18 10:30:00,  22.8,   7.7
2023-02-18 10:31:00,  22.7,   7.5
2023-02-18 10:32:00,  23.0,   7.6
2023-02-18 10:33:00,  22.7,   7.5
2023-02-18 10:34:00,  22.7,   7.6
2023-02-18 10:35:00,  22.4,   7.4
2023-02-18 10:36:00,  22.3,   7.4
2023-02-18 10:37:00,  22.5,   7.6
2023-02-18 10:38:00,  22.4,   7.4
2023-02-18 10:39:00,  22.4,   7.4
2023-02-18 10:40:00,  22.2,   7.3
2023-02-18 10:41:00,  22.2,   7.5
2023-02-18 10:42:00,  21.8,   7.5
2023-02-18 10:43:00,  21.1,   7.3
2023-02-18 10:44:00,  20.9,   7.5
2023-02-18 10:45:00,  20.5,   7.4
2023-02-18 10:46:00,  20.1,   7.2
2023-02-18 10:47:00,  20.0,   7.2
2023-02-18 10:48:00,  20.1,   7.2
2023-02-18 10:49:00,  20.5,   7.4
2023-02-18 10:50:00,  20.7,   7.4
2023-02-18 10:51:00,  20.7,   7.2
2023-02-18 10:52:00,  20.9,   7.2
2023-02-18 10:53:00,  21.2,   7.4
2023-02-18 10:54:00,  21.4,   7.4
2023-02-18 10:55:00,  21.6,   7.4
2023-02-18 10:56:00,  21.5,   7.3
2023-02-18 10:57:00,  21.6,   7.4
2023-02-18 10:58:00,  21.2,   7.2
2023-02-18 10:59:00,  21.1,   7.4
2023-02-18 11:00:00,  20.6,   7.3
2023-02-18 11:01:00,  20.3,   7.3
2023-02-18 11:02:00,  20.3,   7.4
2023-02-18 11:03:00,  20.1,   7.2
2023-02-18 11:04:00,  20.2,   7.2
2023-02-18 11:05:00,  20.4,   7.2
2023-02-18 11:06:00,  20.7,   7.3
2023-02-18 11:07:00,  20.9,   7.4
2023-02-18 11:08:00,  21.0,   7.3
2023-02-18 11:09:00,  21.1,   7.4
2023-02-18 11:10:00,  21.2,   7.4
2023-02-18 11:11:00,  21.1,   7.3
2023-02-18 11:12:00,  21.2,   7.3
2023-02-18 11:13:00,  21.2,   7.3
2023-02-18 11:14:00,  21.2,   7.3
2023-02-18 11:15:00,  21.4,   7.5
2023-02-18 11:16:00,  21.1,   7.5
2023-02-18 11:17:00,  20.6,   7.4
2023-02-18 11:18:00,  20.5,   7.5
2023-02-18 11:19:00,  20.2,   7.5
2023-02-18 11:20:00,  20.1,   7.4
2023-02-18 11:21:00,  20.4,   7.6
2023-02-18 11:22:00,  20.8,   7.7
2023-02-18 11:23:00,  21.0,   7.5
2023-02-18 11:24:00,  21.9,   7.7
2023-02-18 11:25:00,  22.4,   7.5
2023-02-18 11:26:00,  22.8,   7.6
2023-02-18 11:27:00,  23.1,   7.7
2023-02-18 11:28:00,  23.1,   7.5
2023-02-18 11:29:00,  23.4,   7.8
2023-02-18 11:30:00,  23.3,   7.6
2023-02-18 11:31:00,  23.3,   7.6
2023-02-18 11:32:00,  23.5,   7.8
2023-02-18 11:33:00,  23.3,   7.6
2023-02-18 11:34:00,  23.4,   7.6
2023-02-18 11:35:00,  23.5,   7.7
2023-02-18 11:36:00,  23.6,   7.8
2023-02-18 11:37:00,  23.3,   7.7
2023-02-18 11:38:00,  23.2,   7.8
2023-02-18 11:39:00,  22.6,   7.7
2023-02-18 11:40:00,  22.5,   7.9
2023-02-18 11:41:00,  22.1,   7.9
2023-02-18 11:42:00,  22.0,   7.7
2023-02-18 11:43:00,  22.0,   7.7
2023-02-18 11:44:00,  22.1,   7.6
2023-02-18 11:45:00,  22.3,   7.7
2023-02-18 11:46:00,  22.4,   7.6
2023-02-18 11:47:00,  22.7,   7.8
2023-02-18 11:48:00,  22.7,   7.7
2023-02-18 11:49:00,  22.8,   7.8
2023-02-18 11:50:00,  22.6,   7.6
2023-02-18 11:51:00,  22.5,   7.5
2023-02-18 11:52:00,  22.6,   7.5
2023-02-18 11:53:00,  22.8,   7.7
2023-02-18 11:54:00,  22.8,   7.7
2023-02-18 11:55:00,  22.7,   7.6
2023-02-18 11:56:00,  22.9,   7.7
2023-02-18 11:57:00,  23.0,   7.8
2023-02-18 11:58:00,  22.8,   7.7
2023-02-18 11:59:00,  22.8,   7.8
2023-02-18 12:00:00,  22.7,   7.7
2023-02-18 12:01:00,  22.6,   7.7
2023-02-18 12:02:00,  22.5,   7.7
2023-02-18 12:03:00,  22.5,   7.7
2023-02-18 12:04:00,  22.7,   7.9
2023-02-18 12:05:00,  22.6,   7.8
2023-02-18 12:06:00,  22.6,   7.7
2023-02-18 12:07:00,  22.7,   7.8
2023-02-18 12:08:00,  22.8,   7.9
2023-02-18 12:09:00,  22.6,   7.7
2023-02-18 12:10:00,  22.8,   7.9
2023-02-18 12:11:00,  22.8,   8.0
2023-02-18 12:12:00,  22.8,   8.0
2023-02-18 12:13:00,  22.7,   8.0
2023-02-18 12:14:00,  22.8,   8.1
2023-02-18 12:15:00,  22.6,   7.9
2023-02-18 12:16:00,  22.6,   7.9
2023-02-18 12:17:00,  22.8,   8.1
2023-02-18 12:18:00,  22.6,   8.0
2023-02-18 12:19:00,  22.6,   8.0
2023-02-18 12:20:00,  22.6,   8.0
2023-02-18 12:21:00,  22.7,   8.1
2023-02-18 12:22:00,  22.7,   8.2
2023-02-18 12:23:00,  22.6,   8.2
2023-02-18 12:24:00,  22.4,   8.2
2023-02-18 12:25:00,  22.0,   8.2
2023-02-18 12:26:00,  21.4,   8.1
2023-02-18 12:27:00,  21.3,   8.1
2023-02-18 12:28:00,  21.2,   8.2
2023-02-18 12:29:00,  21.2,   8.2
2023-02-18 12:30:00,  21.5,   8.3
2023-02-18 12:31:00,  21.9,   8.3
2023-02-18 12:32:00,  22.0,   8.1
2023-02-18 12:33:00,  22.2,   8.2
2023-02-18 12:34:00,  22.1,   8.1
2023-02-18 12:35:00,  22.1,   8.2
2023-02-18 12:36:00,  22.2,   8.3
2023-02-18 12:37:00,  21.8,   8.2
2023-02-18 12:38:00,  21.9,   8.3
2023-02-18 12:39:00,  21.8,   8.3
2023-02-18 12:40:00,  21.8,   8.3
2023-02-18 12:41:00,  21.8,   8.3
2023-02-18 12:42:00,  21.5,   8.2
2023-02-18 12:43:00,  21.5,   8.3
2023-02-18 12:44:00,  21.5,   8.1
2023-02-18 12:45:00,  21.9,   8.3
2023-02-18 12:46:00,  21.8,   8.1
2023-02-18 12:47:00,  21.9,   8.2
2023-02-18 12:48:00,  22.0,   8.4
2023-02-18 12:49:00,  21.9,   8.4
2023-02-18 12:50:00,  21.8,   8.3
2023-02-18 12:51:00,  21.5,   8.2
2023-02-18 12:52:00,  21.5,   8.4
2023-02-18 12:53:00,  21.1,   8.2
2023-02-18 12:54:00,  21.1,   8.3
2023-02-18 12:55:00,  21.3,   8.4
2023-02-18 12:56:00,  21.2,   8.3
2023-02-18 12:57:00,  21.0,   8.2
2023-02-18 12:58:00,  21.0,   8.3
2023-02-18 12:59:00,  21.3,   8.5
2023-02-18 13:00:00,  21.4,   8.4
2023-02-18 13:01:00,  21.7,   8.3
2023-02-18 13:02:00,  22.1,   8.4
2023-02-18 13:03:00,  22.1,   8.3
2023-02-18 13:04:00,  22.4,   8.5
2023-02-18 13:05:00,  22.4,   8.5
2023-02-18 13:06:00,  22.2,   8.5
2023-02-18 13:07:00,  21.8,   8.4
2023-02-18 13:08:00,  21.8,   8.6
2023-02-18 13:09:00,  21.5,   8.5
2023-02-18 13:10:00,  21.7,   8.5
2023-02-18 13:11:00,  21.5,   8.4
2023-02-18 13:12:00,  21.5,   8.5
2023-02-18 13:13:00,  21.5,   8.5
2023-02-18 13:14:00,  21.5,   8.5
2023-02-18 13:15:00,  21.7,   8.6
2023-02-18 13:16:00,  21.8,   8.5
2023-02-18 13:17:00,  21.8,   8.3
2023-02-18 13:18:00,  21.9,   8.6
2023-02-18 13:19:00,  21.7,   8.6
2023-02-18 13:20:00,  21.6,   8.9
2023-02-18 13:21:00,  21.4,   8.9
2023-02-18 13:22:00,  21.4,   9.0
2023-02-18 13:23:00,  21.1,   8.9
2023-02-18 13:24:00,  21.2,   9.1
2023-02-18 13:25:00,  20.9,   9.0
2023-02-18 13:26:00,  20.9,   9.2
2023-02-18 13:27:00,  20.6,   9.1
2023-02-18 13:28:00,  20.6,   9.1
2023-02-18 13:29:00,  20.7,   9.2
2023-02-18 13:30:00,  20.8,   9.4
2023-02-18 13:31:00,  20.6,   9.2
2023-02-18 13:32:00,  20.7,   9.4
2023-02-18 13:33:00,  20.6,   9.3
2023-02-18 13:34:00,  20.5,   9.2
2023-02-18 13:35:00,  20.8,   9.5
2023-02-18 13:36:00,  20.7,   9.4
2023-02-18 13:37:00,  20.9,   9.6
2023-02-18 13:38:00,  20.7,   9.4
2023-02-18 13:39:00,  20.8,   9.4
2023-02-18 13:40:00,  20.9,   9.6
2023-02-18 13:41:00,  20.8,   9.6
2023-02-18 13:42:00,  20.7,   9.6
2023-02-18 13:43:00,  20.9,   9.7
2023-02-18 13:44:00,  20.9,   9.7
2023-02-18 13:45:00,  21.1,   9.6
2023-02-18 13:46:00,  21.7,   9.6
2023-02-18 13:47:00,  22.2,   9.6
2023-02-18 13:48:00,  22.6,   9.8
2023-02-18 13:49:00,  22.6,   9.7
2023-02-18 13:50:00,  22.6,   9.7
2023-02-18 13:51:00,  22.8,   9.8
2023-02-18 13:52:00,  22.7,   9.8
2023-02-18 13:53:00,  22.6,   9.8
2023-02-18 13:54:00,  22.6,   9.7
2023-02-18 13:55:00,  22.6,   9.8
2023-02-18 13:56:00,  22.6,   9.8
2023-02-18 13:57:00,  22.8,  10.0
2023-02-18 13:58:00,  22.9,  10.0
2023-02-18 13:59:00,  22.8,   9.9
2023-02-18 14:00:00,  22.6,   9.9
2023-02-18 14:01:00,  22.4,   9.8
2023-02-18 14:02:00,  22.2,  10.0
2023-02-18 14:03:00,  21.8,   9.9
2023-02-18 14:04:00,  21.5,   9.9
2023-02-18 14:05:00,  21.5,  10.0
2023-02-18 14:06:00,  21.4,  10.0
2023-02-18 14:07:00,  21.7,  10.1
2023-02-18 14:08:00,  21.8,  10.0
2023-02-18 14:09:00,  22.2,  10.1
2023-02-18 14:10:00,  22.2,   9.9
2023-02-18 14:11:00,  22.3,  10.0
2023-02-18 14:12:00,  22.4,   9.9
2023-02-18 14:13:00,  22.7,  10.1
2023-02-18 14:14:00,  22.5,   9.9
2023-02-18 14:15:00,  22.7,  10.1
2023-02-18 14:16:00,  22.5,  10.0
2023-02-18 14:17:00,  22.6,  10.0
2023-02-18 14:18:00,  22.3,   9.9
2023-02-18 14:19:00,  22.2,  10.0
2023-02-18 14:20:00,  21.9,  10.0
2023-02-18 14:21:00,  21.6,  10.0
2023-02-18 14:22:00,  21.4,  10.1
2023-02-18 14:23:00,  21.3,  10.0
2023-02-18 14:24:00,  21.4,  10.1
2023-02-18 14:25:00,  21.4,   9.9
2023-02-18 14:26:00,  21.8,  10.0
2023-02-18 14:27:00,  21.8,   9.9
2023-02-20 07:01:00,  10.7,   9.6
2023-02-20 07:02:00,  10.7,   9.4
2023-02-20 07:03:00,  11.0,   9.5
2023-02-20 07:04:00,  11.7,   9.5
2023-02-20 07:05:00,  13.7,   9.6
2023-02-20 07:06:00,  16.4,   9.6
2023-02-20 07:07:00,  19.8,   9.7
2023-02-20 07:08:00,  19.6,   9.7
2023-02-20 07:09:00,  18.7,   9.7
2023-02-20 07:10:00,  18.6,   9.7
2023-02-20 07:11:00,  19.1,   9.8
2023-02-20 07:12:00,  19.7,   9.7
2023-02-20 07:13:00,  20.6,   9.7
2023-02-20 07:14:00,  21.7,   9.9
2023-02-20 07:15:00,  22.7,  10.0
2023-02-20 07:16:00,  23.3,  10.0
2023-02-20 07:17:00,  23.9,  10.0
2023-02-20 07:18:00,  24.2,   9.9
2023-02-20 07:19:00,  24.7,  10.0
2023-02-20 07:20:00,  24.8,   9.9
2023-02-20 07:21:00,  24.4,  10.0
2023-02-20 07:22:00,  23.8,  10.2
2023-02-20 07:23:00,  22.9,  10.2
2023-02-20 07:24:00,  22.0,  10.3
2023-02-20 07:25:00,  21.5,  10.2
2023-02-20 07:26:00,  21.4,  10.3
2023-02-20 07:27:00,  21.6,  10.4
2023-02-20 07:28:00,  21.4,  10.3
2023-02-20 07:29:00,  21.3,  10.3
2023-02-20 07:30:00,  21.3,  10.6
2023-02-20 07:31:00,  21.0,  10.6
2023-02-20 07:32:00,  20.5,  10.5
2023-02-20 07:33:00,  20.4,  10.6
2023-02-20 07:34:00,  20.1,  10.6
2023-02-20 07:35:00,  19.9,  10.7
2023-02-20 07:36:00,  19.5,  10.5
2023-02-20 07:37:00,  19.6,  10.6
2023-02-20 07:38:00,  19.2,  10.5
2023-02-20 07:39:00,  19.2,  10.6
2023-02-20 07:40:00,  19.1,  10.6
2023-02-20 07:41:00,  19.3,  10.6
2023-02-20 07:42:00,  19.4,  10.5
2023-02-20 07:43:00,  19.5,  10.6
2023-02-20 07:44:00,  19.6,  10.6
2023-02-20 07:45:00,  19.6,  10.6
2023-02-20 07:46:00,  19.6,  10.5
2023-02-20 07:47:00,  19.6,  10.4
2023-02-20 07:48:00,  19.6,  10.4
2023-02-20 07:49:00,  19.6,  10.5
2023-02-20 07:50:00,  19.4,  10.3
2023-02-20 07:51:00,  19.6,  10.4
2023-02-20 07:52:00,  19.6,  10.3
2023-02-20 07:53:00,  19.8,  10.3
2023-02-20 07:54:00,  19.8,  10.3
2023-02-20 07:55:00,  20.0,  10.2
2023-02-20 07:56:00,  20.4,  10.4
2023-02-20 07:57:00,  20.3,  10.2
2023-02-20 07:58:00,  20.6,  10.3
2023-02-20 07:59:00,  20.5,  10.2
2023-02-20 08:00:00,  20.9,  10.4
2023-02-20 08:01:00,  20.9,  10.2
2023-02-20 08:02:00,  21.0,  10.2
2023-02-20 08:03:00,  21.2,  10.1
2023-02-20 08:04:00,  21.2,  10.0
2023-02-20 08:05:00,  21.3,  10.1
2023-02-20 08:06:00,  21.4,  10.2
2023-02-20 08:07:00,  21.2,  10.1
2023-02-20 08:08:00,  21.2,  10.0
2023-02-20 08:09:00,  21.1,  10.1
2023-02-20 08:10:00,  20.9,  10.1
2023-02-20 08:11:00,  21.0,  10.0
2023-02-20 08:12:00,  21.4,  10.2
2023-02-20 08:13:00,  21.3,  10.0
2023-02-20 08:14:00,  21.6,  10.0
2023-02-20 08:15:00,  21.8,  10.1
2023-02-20 08:16:00,  21.7,  10.0
2023-02-20 08:17:00,  21.6,  10.2
2023-02-20 08:18:00,  21.5,  10.3
2023-02-20 08:19:00,  21.0,  10.3
2023-02-20 08:20:00,  20.4,  10.2
2023-02-20 08:21:00,  20.3,  10.3
2023-02-20 08:22:00,  20.1,  10.3
2023-02-20 08:23:00,  20.1,  10.4
2023-02-20 08:24:00,  20.2,  10.4
2023-02-20 08:25:00,  20.4,  10.5
2023-02-20 08:26:00,  20.4,  10.4
2023-02-20 08:27:00,  21.0,  10.6
2023-02-20 08:28:00,  21.2,  10.5
2023-02-20 08:29:00,  21.6,  10.6
2023-02-20 08:30:00,  22.1,  10.8
2023-02-20 08:31:00,  22.1,  10.8
2023-02-20 08:32:00,  22.0,  10.8
2023-02-20 08:33:00,  22.0,  11.0
2023-02-20 08:34:00,  21.5,  11.0
2023-02-20 08:35:00,  20.8,  10.9
2023-02-20 08:36:00,  20.5,  11.0
2023-02-20 08:37:00,  20.3,  11.1
2023-02-20 08:38:00,  20.3,  11.2
2023-02-20 08:39:00,  20.4,  11.2
2023-02-20 08:40:00,  20.6,  11.2
2023-02-20 08:41:00,  20.7,  11.1
2023-02-20 08:42:00,  21.2,  11.2
2023-02-20 08:43:00,  21.5,  11.2
2023-02-20 08:44:00,  21.7,  11.1
2023-02-20 08:45:00,  22.1,  11.2
2023-02-20 08:46:00,  22.1,  11.2
2023-02-20 08:47:00,  22.1,  11.3
2023-02-20 08:48:00,  21.9,  11.3
2023-02-20 08:49:00,  21.7,  11.3
2023-02-20 08:50:00,  21.1,  11.0
2023-02-20 08:51:00,  21.0,  11.1
2023-02-20 08:52:00,  20.9,  11.2
2023-02-20 08:53:00,  20.5,  11.1
2023-02-20 08:54:00,  20.2,  11.1
2023-02-20 08:55:00,  19.9,  11.0
2023-02-20 08:56:00,  19.3,  10.7
2023-02-20 08:57:00,  18.9,  10.6
2023-02-20 08:58:00,  19.0,  10.7
2023-02-20 08:59:00,  18.6,  10.4
2023-02-20 09:00:00,  18.8,  10.5
2023-02-20 09:01:00,  18.5,  10.3
2023-02-20 09:02:00,  19.1,  10.4
2023-02-20 09:03:00,  19.1,  10.3
2023-02-20 09:04:00,  19.4,  10.4
2023-02-20 09:05:00,  19.3,  10.2
2023-02-20 09:06:00,  19.6,  10.3
2023-02-20 09:07:00,  19.9,  10.3
2023-02-20 09:08:00,  20.3,  10.4
2023-02-20 09:09:00,  20.3,  10.4
2023-02-20 09:10:00,  20.3,  10.3
2023-02-20 09:11:00,  20.6,  10.5
2023-02-20 09:12:00,  20.4,  10.4
2023-02-20 09:13:00,  20.4,  10.4
2023-02-20 09:14:00,  20.3,  10.4
2023-02-20 09:15:00,  20.2,  10.5
2023-02-20 09:16:00,  20.4,  10.6
2023-02-20 09:17:00,  20.4,  10.6
2023-02-20 09:18:00,  20.8,  10.7
2023-02-20 09:19:00,  21.1,  10.8
2023-02-20 09:20:00,  21.1,  10.6
2023-02-20 09:21:00,  21.5,  10.7
2023-02-20 09:22:00,  21.5,  10.6
2023-02-20 09:23:00,  21.8,  10.7
2023-02-20 09:24:00,  21.8,  10.9
2023-02-20 09:25:00,  21.2,  10.7
2023-02-20 09:26:00,  21.1,  11.0
2023-02-20 09:27:00,  20.7,  11.0
2023-02-20 09:28:00,  20.3,  10.9
2023-02-20 09:29:00,  20.1,  10.9
2023-02-20 09:30:00,  20.1,  11.1
2023-02-20 09:31:00,  20.1,  11.2
2023-02-20 09:32:00,  20.1,  11.2
2023-02-20 09:33:00,  20.1,  11.3
2023-02-20 09:34:00,  20.1,  11.4
2023-02-20 09:35:00,  19.8,  11.3
2023-02-20 09:36:00,  19.7,  11.3
2023-02-20 09:37:00,  19.4,  11.3
2023-02-20 09:38:00,  19.2,  11.2
2023-02-20 09:39:00,  19.5,  11.4
2023-02-20 09:40:00,  19.6,  11.5
2023-02-20 09:41:00,  19.9,  11.5
2023-02-20 09:42:00,  20.1,  11.4
2023-02-20 09:43:00,  20.5,  11.4
2023-02-20 09:44:00,  21.0,  11.6
2023-02-20 09:45:00,  21.6,  11.7
2023-02-20 09:46:00,  21.9,  11.5
2023-02-20 09:47:00,  22.1,  11.6
2023-02-20 09:48:00,  21.9,  11.5
2023-02-20 09:49:00,  21.7,  11.5
2023-02-20 09:50:00,  21.4,  11.5
2023-02-20 09:51:00,  21.2,  11.5
2023-02-20 09:52:00,  21.1,  11.7
2023-02-20 09:53:00,  20.6,  11.6
2023-02-20 09:54:00,  20.6,  11.9
2023-02-20 09:55:00,  20.4,  11.9
2023-02-20 09:56:00,  20.2,  12.0
2023-02-20 09:57:00,  19.7,  11.8
2023-02-20 09:58:00,  19.8,  12.1
2023-02-20 09:59:00,  19.4,  11.9
2023-02-20 10:00:00,  19.6,  12.1
2023-02-20 10:01:00,  19.2,  12.0
2023-02-20 10:02:00,  19.0,  11.9
2023-02-20 10:03:00,  19.2,  11.9
2023-02-20 10:04:00,  19.3,  11.6
2023-02-20 10:05:00,  19.4,  11.5
2023-02-20 10:06:00,  19.6,  11.3
2023-02-20 10:07:00,  20.1,  11.5
2023-02-20 10:08:00,  20.5,  11.5
2023-02-20 10:09:00,  20.6,  11.3
2023-02-20 10:10:00,  21.1,  11.4
2023-02-20 10:11:00,  21.6,  11.4
2023-02-20 10:12:00,  21.9,  11.3
2023-02-20 10:13:00,  21.9,  11.2
2023-02-20 10:14:00,  22.0,  11.2
2023-02-20 10:15:00,  21.6,  11.2
2023-02-20 10:16:00,  21.1,  11.1
2023-02-20 10:17:00,  20.9,  11.1
2023-02-20 10:18:00,  20.7,  11.0
2023-02-20 10:19:00,  20.9,  11.1
2023-02-20 10:20:00,  20.8,  10.9
2023-02-20 10:21:00,  20.9,  10.8
2023-02-20 10:22:00,  21.5,  11.0
2023-02-20 10:23:00,  21.6,  10.8
2023-02-20 10:24:00,  22.0,  10.8
2023-02-20 10:25:00,  22.3,  10.9
2023-02-20 10:26:00,  22.1,  10.8
2023-02-20 10:27:00,  21.9,  10.8
2023-02-20 10:28:00,  21.6,  10.7
2023-02-20 10:29:00,  21.6,  10.8
2023-02-20 10:30:00,  21.4,  10.7
2023-02-20 10:31:00,  21.6,  10.8
2023-02-20 10:32:00,  21.6,  10.8
2023-02-20 10:33:00,  21.3,  10.6
2023-02-20 10:34:00,  21.6,  10.7
2023-02-20 10:35:00,  21.7,  10.6
2023-02-20 10:36:00,  21.9,  10.6
2023-02-20 10:37:00,  22.0,  10.6
2023-02-20 10:38:00,  21.8,  10.5
2023-02-20 10:39:00,  21.6,  10.4
2023-02-20 10:40:00,  21.5,  10.6
2023-02-20 10:41:00,  21.0,  10.4
2023-02-20 10:42:00,  20.8,  10.5
2023-02-20 10:43:00,  20.4,  10.4
2023-02-20 10:44:00,  20.1,  10.4
2023-02-20 10:45:00,  19.9,  10.4
2023-02-20 10:46:00,  19.8,  10.4
2023-02-20 10:47:00,  19.5,  10.2
2023-02-20 10:48:00,  19.6,  10.3
2023-02-20 10:49:00,  19.7,  10.2
2023-02-20 10:50:00,  19.9,  10.2
2023-02-20 10:51:00,  20.4,  10.3
2023-02-20 10:52:00,  20.7,  10.2
2023-02-20 10:53:00,  21.1,  10.2
2023-02-20 10:54:00,  21.5,  10.2
2023-02-20 10:55:00,  21.6,  10.1
2023-02-20 10:56:00,  21.8,  10.1
2023-02-20 10:57:00,  21.8,  10.0
2023-02-20 10:58:00,  21.8,  10.1
2023-02-20 10:59:00,  21.9,  10.2
2023-02-20 11:00:00,  21.5,  10.0
2023-02-20 11:01:00,  21.3,  10.0
2023-02-20 11:02:00,  21.1,  10.1
2023-02-20 11:03:00,  20.8,  10.1
2023-02-20 11:04:00,  20.7,  10.2
2023-02-20 11:05:00,  20.6,  10.2
2023-02-20 11:06:00,  20.4,  10.1
2023-02-20 11:07:00,  20.3,  10.1
2023-02-20 11:08:00,  20.1,  10.1
2023-02-20 11:09:00,  20.0,  10.2
2023-02-20 11:10:00,  19.6,  10.1
2023-02-20 11:11:00,  19.5,  10.2
2023-02-20 11:12:00,  19.3,  10.2
2023-02-20 11:13:00,  19.4,  10.2
2023-02-20 11:14:00,  19.5,  10.2
2023-02-20 11:15:00,  19.9,  10.3
2023-02-20 11:16:00,  20.0,  10.3
2023-02-20 11:17:00,  20.3,  10.5
2023-02-20 11:18:00,  20.5,  10.5
2023-02-20 11:19:00,  20.8,  10.7
2023-02-20 11:20:00,  20.8,  10.5
2023-02-20 11:21:00,  20.8,  10.5
2023-02-20 11:22:00,  20.9,  10.6
2023-02-20 11:23:00,  21.2,  10.7
2023-02-20 11:24:00,  21.1,  10.7
2023-02-20 11:25:00,  21.0,  10.7
2023-02-20 11:26:00,  21.1,  10.8
2023-02-20 11:27:00,  20.8,  10.6
2023-02-20 11:28:00,  20.9,  10.8
2023-02-20 11:29:00,  20.8,  10.7
2023-02-20 11:30:00,  20.9,  10.8
2023-02-20 11:31:00,  21.1,  10.8
2023-02-20 11:32:00,  21.2,  10.8
2023-02-20 11:33:00,  21.4,  10.8
2023-02-20 11:34:00,  21.5,  10.7
2023-02-20 11:35:00,  21.6,  10.6
2023-02-20 11:36:00,  21.9,  10.6
2023-02-20 11:37:00,  21.9,  10.6
2023-02-20 11:38:00,  21.5,  10.5
2023-02-20 11:39:00,  21.3,  10.5
2023-02-20 11:40:00,  21.4,  10.7
2023-02-20 11:41:00,  21.3,  10.6
2023-02-20 11:42:00,  21.2,  10.6
2023-02-20 11:43:00,  21.0,  10.5
2023-02-20 11:44:00,  20.8,  10.5
2023-02-20 11:45:00,  20.8,  10.6
2023-02-20 11:46:00,  20.7,  10.6
2023-02-20 11:47:00,  20.5,  10.4
2023-02-20 11:48:00,  20.8,  10.6
2023-02-20 11:49:00,  21.1,  10.7
2023-02-20 11:50:00,  21.1,  10.5
2023-02-20 11:51:00,  21.5,  10.7
2023-02-20 11:52:00,  21.5,  10.6
2023-02-20 11:53:00,  21.8,  10.7
2023-02-20 11:54:00,  21.7,  10.4
2023-02-20 11:55:00,  21.6,  10.4
2023-02-20 11:56:00,  21.5,  10.3
2023-02-20 11:57:00,  21.7,  10.4
2023-02-20 11:58:00,  21.3,  10.2
2023-02-20 11:59:00,  21.2,  10.2
2023-02-20 12:00:00,  21.0,  10.2
2023-02-20 12:01:00,  20.8,  10.2
2023-02-20 12:02:00,  20.9,  10.1
2023-02-20 12:03:00,  21.1,  10.2
2023-02-20 12:04:00,  21.2,  10.2
2023-02-20 12:05:00,  21.5,  10.3
2023-02-20 12:06:00,  21.9,  10.4
2023-02-20 12:07:00,  22.0,  10.4
2023-02-20 12:08:00,  21.7,  10.3
2023-02-20 12:09:00,  21.4,  10.3
2023-02-20 12:10:00,  20.9,  10.3
2023-02-20 12:11:00,  20.5,  10.3
2023-02-20 12:12:00,  20.1,  10.3
2023-02-20 12:13:00,  19.9,  10.3
2023-02-20 12:14:00,  19.7,  10.3
2023-02-20 12:15:00,  19.9,  10.5
2023-02-20 12:16:00,  19.8,  10.4
2023-02-20 12:17:00,  20.3,  10.6
2023-02-20 12:18:00,  20.4,  10.4
2023-02-20 12:19:00,  21.0,  10.6
2023-02-20 12:20:00,  21.3,  10.4
2023-02-20 12:21:00,  21.7,  10.5
2023-02-20 12:22:00,  22.2,  10.6
2023-02-20 12:23:00,  22.1,  10.5
2023-02-20 12:24:00,  22.1,  10.5
2023-02-20 12:25:00,  21.9,  10.6
2023-02-20 12:26:00,  21.5,  10.5
2023-02-20 12:27:00,  21.3,  10.6
2023-02-20 12:28:00,  21.0,  10.4
2023-02-20 12:29:00,  21.2,  10.5
2023-02-20 12:30:00,  21.5,  10.4
2023-02-20 12:31:00,  22.0,  10.6
2023-02-20 12:32:00,  22.1,  10.5
2023-02-20 12:33:00,  22.2,  10.5
2023-02-20 12:34:00,  22.1,  10.4
2023-02-20 12:35:00,  22.1,  10.5
2023-02-20 12:36:00,  22.1,  10.6
2023-02-20 12:37:00,  21.8,  10.6
2023-02-20 12:38:00,  21.3,  10.4
2023-02-20 12:39:00,  21.0,  10.5
2023-02-20 12:40:00,  20.9,  10.6
2023-02-20 12:41:00,  20.7,  10.6
2023-02-20 12:42:00,  20.7,  10.7
2023-02-20 12:43:00,  20.8,  10.7
2023-02-20 12:44:00,  20.9,  10.8
2023-02-20 12:45:00,  21.1,  10.9
2023-02-20 12:46:00,  21.3,  11.0
2023-02-20 12:47:00,  21.7,  11.1
2023-02-20 12:48:00,  21.8,  11.1
2023-02-20 12:49:00,  22.2,  11.3
2023-02-20 12:50:00,  22.0,  11.2
2023-02-20 12:51:00,  22.1,  11.4
2023-02-20 12:52:00,  21.8,  11.6
2023-02-20 12:53:00,  21.2,  11.5
2023-02-20 12:54:00,  21.0,  11.5
2023-02-20 12:55:00,  20.7,  11.4
2023-02-20 12:56:00,  20.6,  11.2
2023-02-20 12:57:00,  20.7,  11.1
2023-02-20 12:58:00,  20.7,  11.0
2023-02-20 12:59:00,  21.1,  11.0
2023-02-20 13:00:00,  21.3,  10.8
2023-02-20 13:01:00,  21.6,  10.8
2023-02-20 13:02:00,  21.8,  10.6
2023-02-20 13:03:00,  22.0,  10.5
2023-02-20 13:04:00,  22.0,  10.6
2023-02-20 13:05:00,  21.7,  10.7
2023-02-20 13:06:00,  21.1,  10.6
2023-02-20 13:07:00,  20.6,  10.5
2023-02-20 13:08:00,  20.5,  10.6
2023-02-20 13:09:00,  20.3,  10.6
2023-02-20 13:10:00,  20.1,  10.6
2023-02-20 13:11:00,  19.8,  10.6
2023-02-20 13:12:00,  19.9,  10.7
2023-02-20 13:13:00,  19.8,  10.5
2023-02-20 13:14:00,  20.0,  10.6
2023-02-20 13:15:00,  20.4,  10.7
2023-02-20 13:16:00,  20.7,  10.7
2023-02-20 13:17:00,  21.0,  10.7
2023-02-20 13:18:00,  21.2,  10.7
2023-02-20 13:19:00,  21.5,  10.8
2023-02-20 13:20:00,  21.6,  10.7
2023-02-20 13:21:00,  21.6,  10.6
2023-02-20 13:22:00,  21.6,  10.6
2023-02-20 13:23:00,  21.4,  10.5
2023-02-20 13:24:00,  21.5,  10.7
2023-02-20 13:25:00,  21.3,  10.5
2023-02-20 13:26:00,  21.3,  10.5
2023-02-20 13:27:00,  21.4,  10.5
2023-02-20 13:28:00,  21.7,  10.6
2023-02-20 13:29:00,  22.0,  10.6
2023-02-20 13:30:00,  22.0,  10.6
2023-02-20 13:31:00,  22.2,  10.7
2023-02-20 13:32:00,  21.8,  10.6
2023-02-20 13:33:00,  21.6,  10.6
2023-02-20 13:34:00,  21.2,  10.6
2023-02-20 13:35:00,  21.1,  10.8
2023-02-20 13:36:00,  20.5,  10.7
2023-02-20 13:37:00,  20.1,  10.7
2023-02-20 13:38:00,  20.0,  10.7
2023-02-20 13:39:00,  19.7,  10.7
2023-02-20 13:40:00,  19.6,  10.7
2023-02-20 13:41:00,  19.5,  10.8
2023-02-20 13:42:00,  19.4,  10.8
2023-02-20 13:43:00,  19.8,  10.9
2023-02-20 13:44:00,  19.9,  10.9
2023-02-20 13:45:00,  20.2,  10.8
2023-02-20 13:46:00,  20.8,  11.0
2023-02-20 13:47:00,  21.1,  11.0
2023-02-20 13:48:00,  21.2,  10.8
2023-02-20 13:49:00,  21.5,  10.9
2023-02-20 13:50:00,  21.7,  10.8
2023-02-20 13:51:00,  22.0,  11.0
2023-02-20 13:52:00,  22.0,  10.9
2023-02-20 13:53:00,  21.9,  10.9
2023-02-20 13:54:00,  21.8,  10.9
2023-02-20 13:55:00,  21.8,  11.0
2023-02-20 13:56:00,  21.2,  10.8
2023-02-20 13:57:00,  20.9,  10.9
2023-02-20 13:58:00,  20.6,  10.8
2023-02-20 13:59:00,  20.4,  10.8
2023-02-20 14:00:00,  20.1,  10.8
2023-02-20 14:01:00,  20.0,  10.9
2023-02-20 14:02:00,  19.7,  10.8
2023-02-20 14:03:00,  19.6,  10.8
2023-02-20 14:04:00,  19.5,  10.8
2023-02-20 14:05:00,  19.0,  10.6
2023-02-20 14:06:00,  19.0,  10.7
2023-02-20 14:07:00,  18.8,  10.6
2023-02-20 14:08:00,  18.9,  10.7
2023-02-20 14:09:00,  18.9,  10.6
2023-02-20 14:10:00,  18.9,  10.7
2023-02-20 14:11:00,  18.9,  10.5
2023-02-20 14:12:00,  19.2,  10.5
2023-02-20 14:13:00,  19.4,  10.5
2023-02-20 14:14:00,  19.7,  10.5
2023-02-20 14:15:00,  20.0,  10.5
2023-02-20 14:16:00,  20.2,  10.4
2023-02-20 14:17:00,  20.7,  10.5
2023-02-20 14:18:00,  20.9,  10.4
2023-02-20 14:19:00,  21.4,  10.5
2023-02-20 14:20:00,  21.6,  10.5
2023-02-20 14:21:00,  21.5,  10.2
2023-02-20 14:22:00,  21.4,  10.1
2023-02-20 14:23:00,  21.3,  10.1
2023-02-20 14:24:00,  21.4,  10.0
2023-02-20 14:25:00,  21.4,  10.0
2023-02-20 14:26:00,  21.6,  10.0
2023-02-20 14:27:00,  21.9,  10.1
2023-02-20 14:28:00,  21.9,  10.1
2023-02-20 14:29:00,  21.5,  10.0
2023-02-20 14:30:00,  21.1,  10.0
2023-02-20 14:31:00,  20.7,  10.1
2023-02-20 14:32:00,  20.1,  10.0
2023-02-20 14:33:00,  19.6,  10.0
2023-02-20 14:34:00,  19.1,  10.1
2023-02-20 14:35:00,  18.6,  10.0
2023-02-20 14:36:00,  18.2,  10.0
2023-02-20 14:37:00,  18.2,  10.1
2023-02-20 14:38:00,  18.1,   9.9
2023-02-20 14:39:00,  18.5,  10.0
2023-02-20 14:40:00,  19.3,  10.2
2023-02-20 14:41:00,  19.2,  10.1
2023-02-20 14:42:00,  19.3,  10.1
2023-02-20 14:43:00,  19.6,  10.2
2023-02-20 14:44:00,  19.7,  10.1
2023-02-20 14:45:00,  19.9,  10.0
2023-02-20 14:46:00,  20.3,  10.2
2023-02-20 14:47:00,  20.3,  10.0
2023-02-20 14:48:00,  20.6,  10.1
2023-02-20 14:49:00,  20.8,  10.1
2023-02-20 14:50:00,  20.8,  10.0
2023-02-20 14:51:00,  21.0,  10.1
2023-02-20 14:52:00,  20.8,  10.1
2023-02-20 14:53:00,  20.8,  10.2
2023-02-20 14:54:00,  20.8,  10.1
2023-02-20 14:55:00,  21.0,  10.2
2023-02-20 14:56:00,  21.2,  10.2
2023-02-20 14:57:00,  21.4,  10.1
2023-02-20 14:58:00,  22.0,  10.3
2023-02-20 14:59:00,  21.9,  10.2
2023-02-20 15:00:00,  21.8,  10.2
2023-02-20 15:01:00,  21.2,  10.1
2023-02-20 15:02:00,  20.7,  10.1
2023-02-20 15:03:00,  20.3,  10.0
2023-02-20 15:04:00,  20.0,  10.1
2023-02-20 15:05:00,  20.0,  10.2
2023-02-20 15:06:00,  20.0,  10.2
2023-02-20 15:07:00,  19.6,  10.1
2023-02-20 15:08:00,  19.3,  10.0
2023-02-20 15:09:00,  19.4,  10.2
2023-02-20 15:10:00,  19.0,  10.1
2023-02-20 15:11:00,  18.8,  10.0
2023-02-20 15:12:00,  18.7,  10.0
2023-02-20 15:13:00,  18.7,  10.2
2023-02-20 15:14:00,  18.9,  10.1
2023-02-20 15:15:00,  19.2,  10.1
2023-02-20 15:16:00,  19.6,  10.2
2023-02-20 15:17:00,  19.9,  10.2
2023-02-20 15:18:00,  20.1,  10.1
2023-02-20 15:19:00,  20.5,  10.1
2023-02-20 15:20:00,  20.8,  10.1
2023-02-20 15:21:00,  21.1,  10.2
2023-02-20 15:22:00,  21.0,  10.0
2023-02-20 15:23:00,  21.2,  10.2
2023-02-20 15:24:00,  21.1,  10.2
2023-02-20 15:25:00,  20.9,  10.1
2023-02-20 15:26:00,  20.9,  10.1
2023-02-20 15:27:00,  21.1,  10.2
2023-02-20 15:28:00,  21.4,  10.2
2023-02-20 15:29:00,  21.6,  10.1
2023-02-20 15:30:00,  22.0,  10.3
2023-02-20 15:31:00,  21.9,  10.1
2023-02-20 15:32:00,  21.8,  10.1
2023-02-20 15:33:00,  21.6,  10.2
2023-02-20 15:34:00,  21.5,  10.4
2023-02-20 15:35:00,  21.1,  10.4
2023-02-20 15:36:00,  20.7,  10.4
2023-02-20 15:37:00,  20.2,  10.4
2023-02-20 15:38:00,  19.7,  10.3
2023-02-20 15:39:00,  19.5,  10.4
2023-02-20 15:40:00,  19.5,  10.5
2023-02-20 15:41:00,  19.2,  10.4
2023-02-20 15:42:00,  19.3,  10.4
2023-02-20 15:43:00,  19.4,  10.5
2023-02-20 15:44:00,  19.6,  10.5
2023-02-20 15:45:00,  19.9,  10.6
2023-02-20 15:46:00,  19.9,  10.3
2023-02-20 15:47:00,  20.2,  10.4
2023-02-20 15:48:00,  20.2,  10.3
2023-02-20 15:49:00,  20.2,  10.2
2023-02-20 15:50:00,  20.1,  10.1
2023-02-20 15:51:00,  20.1,  10.1
2023-02-20 15:52:00,  19.9,  10.0
2023-02-20 15:53:00,  20.0,  10.2
2023-02-20 15:54:00,  20.0,  10.1
2023-02-20 15:55:00,  20.1,  10.0
2023-02-20 15:56:00,  20.3,  10.0
2023-02-20 15:57:00,  20.3,   9.8
2023-02-20 15:58:00,  20.8,  10.0
2023-02-20 15:59:00,  21.0,   9.9
2023-02-20 16:00:00,  21.2,   9.8
2023-02-20 16:01:00,  21.3,   9.8
2023-02-20 16:02:00,  21.5,   9.8
2023-02-20 16:03:00,  21.8,   9.9
2023-02-20 16:04:00,  21.8,   9.8
2023-02-20 16:05:00,  21.8,   9.8
2023-02-20 16:06:00,  21.8,   9.9
2023-02-20 16:07:00,  21.6,   9.8
2023-02-20 16:08:00,  21.6,   9.8
2023-02-20 16:09:00,  21.4,   9.7
2023-02-20 16:10:00,  21.7,   9.9
2023-02-20 16:11:00,  21.7,   9.8
2023-02-20 16:12:00,  21.7,   9.7
2023-02-20 16:13:00,  22.0,   9.8
2023-02-20 16:14:00,  21.9,   9.8
2023-02-20 16:15:00,  21.5,   9.7
2023-02-20 16:16:00,  21.4,   9.9
2023-02-20 16:17:00,  20.9,   9.8
2023-02-20 16:18:00,  20.7,   9.8
2023-02-20 16:19:00,  20.3,   9.7
2023-02-20 16:20:00,  20.0,   9.7
2023-02-20 16:21:00,  19.9,   9.8
2023-02-20 16:22:00,  19.7,   9.8
2023-02-20 16:23:00,  19.5,   9.9
2023-02-20 16:24:00,  19.2,   9.9
2023-02-20 16:25:00,  18.9,   9.9
2023-02-20 16:26:00,  18.5,   9.8
2023-02-20 16:27:00,  18.5,   9.9
2023-02-20 16:28:00,  18.3,   9.8
2023-02-20 16:29:00,  18.3,   9.9
2023-02-20 16:30:00,  18.6,  10.1
2023-02-20 16:31:00,  19.1,  10.3
2023-02-20 16:32:00,  19.2,  10.5
2023-02-20 16:33:00,  19.2,  10.4
2023-02-20 16:34:00,  19.3,  10.4
2023-02-20 16:35:00,  19.7,  10.5
2023-02-20 16:36:00,  19.8,  10.3
2023-02-20 16:37:00,  20.2,  10.3
2023-02-20 16:38:00,  20.3,  10.2
2023-02-20 16:39:00,  20.6,  10.1
2023-02-20 16:40:00,  20.7,  10.0
2023-02-20 16:41:00,  20.7,  10.0
2023-02-20 16:42:00,  20.9,  10.0
2023-02-20 16:43:00,  20.8,  10.0
2023-02-20 16:44:00,  20.6,   9.9
2023-02-20 16:45:00,  20.6,   9.8
2023-02-20 16:46:00,  20.7,   9.7
2023-02-20 16:47:00,  20.8,   9.7
2023-02-20 16:48:00,  21.2,   9.9
2023-02-20 16:49:00,  21.4,   9.8
2023-02-20 16:50:00,  21.5,   9.6
2023-02-20 16:51:00,  21.7,   9.7
2023-02-20 16:52:00,  21.8,   9.7
2023-02-20 16:53:00,  21.7,   9.7
2023-02-20 16:54:00,  21.5,   9.8
2023-02-20 16:55:00,  20.9,   9.7
2023-02-20 16:56:00,  20.3,   9.6
2023-02-20 16:57:00,  20.1,   9.7
2023-02-20 16:58:00,  19.9,   9.7
2023-02-20 16:59:00,  20.1,   9.8
2023-02-20 17:00:00,  20.1,   9.8
2023-02-20 17:01:00,  20.2,   9.7
2023-02-20 17:02:00,  20.5,   9.7
2023-02-20 17:03:00,  20.9,   9.9
2023-02-20 17:04:00,  21.0,   9.7
2023-02-20 17:05:00,  21.5,   9.9
2023-02-20 17:06:00,  21.8,  10.0
2023-02-20 17:07:00,  21.7,   9.8
2023-02-20 17:08:00,  22.0,  10.0
2023-02-20 17:09:00,  21.7,  10.0
2023-02-20 17:10:00,  21.4,  10.0
2023-02-20 17:11:00,  21.0,   9.9
2023-02-20 17:12:00,  20.8,  10.0
2023-02-20 17:13:00,  20.7,  10.0
2023-02-20 17:14:00,  20.8,  10.0
2023-02-20 17:15:00,  20.9,  10.0
2023-02-20 17:16:00,  21.0,  10.0
2023-02-20 17:17:00,  21.3,  10.0
2023-02-20 17:18:00,  21.6,  10.0
2023-02-20 17:19:00,  21.7,   9.9
2023-02-20 17:20:00,  22.0,  10.0
2023-02-20 17:21:00,  21.8,  10.0
2023-02-20 17:22:00,  21.4,   9.9
2023-02-20 17:23:00,  20.8,   9.9
2023-02-20 17:24:00,  20.4,  10.0
2023-02-20 17:25:00,  20.2,  10.1
2023-02-20 17:26:00,  20.0,  10.0
2023-02-20 17:27:00,  19.9,  10.0
2023-02-20 17:28:00,  20.0,  10.1
2023-02-20 17:29:00,  20.1,  10.0
2023-02-20 17:30:00,  20.4,  10.1
2023-02-20 17:31:00,  20.8,  10.1
2023-02-20 17:32:00,  20.9,  10.0
2023-02-20 17:33:00,  21.3,  10.0
2023-02-20 17:34:00,  21.8,  10.1
2023-02-20 17:35:00,  22.0,  10.1
2023-02-20 17:36:00,  21.7,   9.9
2023-02-20 17:37:00,  21.6,  10.1
2023-02-20 17:38:00,  21.1,  10.0
2023-02-20 17:39:00,  20.6,  10.0
2023-02-20 17:40:00,  20.3,  10.0
2023-02-20 17:41:00,  19.9,   9.9
2023-02-20 17:42:00,  19.7,   9.9
2023-02-20 17:43:00,  19.6,   9.9
2023-02-20 17:44:00,  19.9,   9.9
2023-02-20 17:45:00,  20.0,   9.9
2023-02-20 17:46:00,  20.3,   9.9
2023-02-20 17:47:00,  20.5,   9.8
2023-02-20 17:48:00,  20.9,   9.8
2023-02-20 17:49:00,  20.9,   9.6
2023-02-20 17:50:00,  21.2,   9.7
2023-02-20 17:51:00,  21.3,   9.7
2023-02-20 17:52:00,  21.2,   9.6
2023-02-20 17:53:00,  21.4,   9.7
2023-02-20 17:54:00,  21.1,   9.6
2023-02-20 17:55:00,  21.2,   9.7
2023-02-20 17:56:00,  20.8,   9.6
2023-02-20 17:57:00,  20.7,   9.6
2023-02-20 17:58:00,  20.8,   9.8
2023-02-20 17:59:00,  20.9,   9.7
2023-02-20 18:00:00,  20.9,   9.6
2023-02-20 18:01:00,  21.2,   9.6
2023-02-20 18:02:00,  21.5,   9.7
2023-02-20 18:03:00,  21.8,   9.6
2023-02-20 18:04:00,  22.0,   9.5
2023-02-20 18:05:00,  22.1,   9.6
2023-02-20 18:06:00,  22.1,   9.8
2023-02-20 18:07:00,  21.6,   9.6
2023-02-20 18:08:00,  21.6,   9.8
2023-02-20 18:09:00,  21.0,   9.7
2023-02-20 18:10:00,  20.7,   9.8
2023-02-20 18:11:00,  20.1,   9.7
2023-02-20 18:12:00,  20.0,   9.9
2023-02-20 18:13:00,  19.7,   9.8
2023-02-20 18:14:00,  19.8,   9.9
2023-02-20 18:15:00,  19.8,   9.8
2023-02-20 18:16:00,  20.2,  10.0
2023-02-20 18:17:00,  20.5,  10.0
2023-02-20 18:18:00,  20.7,   9.9
2023-02-20 18:19:00,  20.8,   9.8
2023-02-20 18:20:00,  21.2,   9.9
2023-02-20 18:21:00,  21.5,  10.0
2023-02-20 18:22:00,  21.7,   9.9
2023-02-20 18:23:00,  21.8,   9.8
2023-02-20 18:24:00,  21.9,   9.8
2023-02-20 18:25:00,  21.8,   9.9
2023-02-20 18:26:00,  21.3,   9.8
2023-02-20 18:27:00,  21.1,   9.9
2023-02-20 18:28:00,  20.6,   9.9
2023-02-20 18:29:00,  19.9,   9.7
2023-02-20 18:30:00,  19.6,   9.8
2023-02-20 18:31:00,  19.0,   9.6
2023-02-20 18:32:00,  18.8,   9.6
2023-02-20 18:33:00,  18.9,   9.6
2023-02-20 18:34:00,  19.1,   9.7
2023-02-20 18:35:00,  19.3,   9.6
2023-02-20 18:36:00,  19.6,   9.7
2023-02-20 18:37:00,  19.9,   9.7
2023-02-20 18:38:00,  20.1,   9.7
2023-02-20 18:39:00,  20.4,   9.6
2023-02-20 18:40:00,  20.6,   9.6
2023-02-20 18:41:00,  21.0,   9.7
2023-02-20 18:42:00,  21.1,   9.6
2023-02-20 18:43:00,  21.4,   9.7
2023-02-20 18:44:00,  21.5,   9.6
2023-02-20 18:45:00,  21.9,   9.7
2023-02-20 18:46:00,  22.1,   9.8
2023-02-20 18:47:00,  21.9,   9.8
2023-02-20 18:48:00,  21.6,   9.8
2023-02-20 18:49:00,  21.1,   9.7
2023-02-20 18:50:00,  20.7,   9.8
2023-02-20 18:51:00,  20.0,   9.6
2023-02-20 18:52:00,  19.6,   9.6
2023-02-20 18:53:00,  19.2,   9.6
2023-02-20 18:54:00,  18.8,   9.6
2023-02-20 18:55:00,  18.8,   9.7
2023-02-20 18:56:00,  18.5,   9.5
2023-02-20 18:57:00,  18.6,   9.5
2023-02-20 18:58:00,  18.8,   9.5
2023-02-20 18:59:00,  19.0,   9.6
2023-02-20 19:00:00,  19.1,   9.5
2023-02-20 19:01:00,  19.3,   9.6
2023-02-20 19:02:00,  19.4,   9.4
2023-02-20 19:03:00,  19.6,   9.4
2023-02-20 19:04:00,  20.0,   9.6
2023-02-20 19:05:00,  20.1,   9.4
2023-02-20 19:06:00,  20.4,   9.6
2023-02-20 19:07:00,  20.6,   9.5
2023-02-20 19:08:00,  20.8,   9.5
2023-02-20 19:09:00,  20.9,   9.4
2023-02-20 19:10:00,  21.2,   9.5
2023-02-20 19:11:00,  21.2,   9.3
2023-02-20 19:12:00,  21.4,   9.4
2023-02-20 19:13:00,  21.8,   9.5
2023-02-20 19:14:00,  21.8,   9.4
2023-02-20 19:15:00,  21.6,   9.4
2023-02-20 19:16:00,  21.4,   9.5
2023-02-20 19:17:00,  20.7,   9.4
2023-02-20 19:18:00,  20.3,   9.6
2023-02-20 19:19:00,  19.6,   9.5
2023-02-20 19:20:00,  19.1,   9.6
2023-02-20 19:21:00,  18.4,   9.4
2023-02-20 19:22:00,  18.1,   9.4
2023-02-20 19:23:00,  18.0,   9.5
2023-02-20 19:24:00,  17.8,   9.5
2023-02-20 19:25:00,  17.4,   9.3
2023-02-20 19:26:00,  17.4,   9.3
2023-02-20 19:27:00,  18.0,   9.4
2023-02-20 19:28:00,  18.5,   9.4
2023-02-20 19:29:00,  19.2,   9.4
2023-02-20 19:30:00,  19.3,   9.4
2023-02-20 19:31:00,  19.2,   9.4
2023-02-20 19:32:00,  19.2,   9.3
2023-02-20 19:33:00,  19.3,   9.3
2023-02-20 19:34:00,  19.2,   9.2
2023-02-20 19:35:00,  19.2,   9.1
2023-02-20 19:36:00,  19.2,   9.2
2023-02-20 19:37:00,  19.0,   9.2
2023-02-20 19:38:00,  18.8,   9.2
2023-02-20 19:39:00,  18.6,   9.2
2023-02-20 19:40:00,  18.1,   9.1
2023-02-20 19:41:00,  18.1,   9.2
2023-02-20 19:42:00,  18.0,   9.1
2023-02-20 19:43:00,  18.3,   9.1
2023-02-20 19:44:00,  18.9,   9.2
2023-02-20 19:45:00,  19.2,   9.0
2023-02-20 19:46:00,  19.4,   9.0
2023-02-20 19:47:00,  19.7,   9.2
2023-02-20 19:48:00,  19.8,   9.2
2023-02-20 19:49:00,  19.8,   9.2
2023-02-20 19:50:00,  20.0,   9.3
2023-02-20 19:51:00,  19.7,   9.2
2023-02-20 19:52:00,  19.7,   9.3
2023-02-20 19:53:00,  19.3,   9.1
2023-02-20 19:54:00,  19.1,   9.1
2023-02-20 19:55:00,  18.9,   9.2
2023-02-20 19:56:00,  18.6,   9.1
2023-02-20 19:57:00,  18.5,   9.2
2023-02-20 19:58:00,  18.6,   9.2
2023-02-20 19:59:00,  19.0,   9.3
2023-02-20 20:00:00,  19.1,   9.1
2023-02-20 20:01:00,  19.4,   9.2
2023-02-20 20:02:00,  19.5,   9.1
2023-02-20 20:03:00,  19.8,   9.2
2023-02-20 20:04:00,  19.8,   9.0
2023-02-20 20:05:00,  19.9,   9.1
2023-02-20 20:06:00,  19.7,   8.9
2023-02-20 20:07:00,  19.8,   9.0
2023-02-20 20:08:00,  19.6,   8.9
2023-02-20 20:09:00,  19.5,   9.0
2023-02-20 20:10:00,  19.4,   9.0
2023-02-20 20:11:00,  19.2,   8.9
2023-02-20 20:12:00,  19.2,   8.8
2023-02-20 20:13:00,  19.5,   8.9
2023-02-20 20:14:00,  19.5,   8.8
2023-02-20 20:15:00,  20.0,   8.9
2023-02-20 20:16:00,  20.1,   8.7
2023-02-20 20:17:00,  20.5,   8.8
2023-02-20 20:18:00,  20.5,   8.7
2023-02-20 20:19:00,  20.7,   8.8
2023-02-20 20:20:00,  20.7,   8.8
2023-02-20 20:21:00,  20.7,   8.8
2023-02-20 20:22:00,  20.4,   8.7
2023-02-20 20:23:00,  20.3,   8.7
2023-02-20 20:24:00,  20.1,   8.7
2023-02-20 20:25:00,  19.9,   8.6
2023-02-20 20:26:00,  20.0,   8.8
2023-02-20 20:27:00,  20.0,   8.7
2023-02-20 20:28:00,  20.2,   8.6
2023-02-20 20:29:00,  20.3,   8.6
2023-02-20 20:30:00,  20.8,   8.7
2023-02-20 20:31:00,  21.1,   8.7
2023-02-20 20:32:00,  21.3,   8.7
2023-02-20 20:33:00,  21.6,   8.7
2023-02-20 20:34:00,  21.6,   8.6
2023-02-20 20:35:00,  21.7,   8.6
2023-02-20 20:36:00,  21.5,   8.5
2023-02-20 20:37:00,  21.4,   8.5
2023-02-20 20:38:00,  21.2,   8.4
2023-02-20 20:39:00,  21.2,   8.5
2023-02-20 20:40:00,  21.0,   8.5
2023-02-20 20:41:00,  20.9,   8.5
2023-02-20 20:42:00,  20.9,   8.4
2023-02-20 20:43:00,  21.0,   8.4
2023-02-20 20:44:00,  21.4,   8.5
2023-02-20 20:45:00,  21.5,   8.3
2023-02-20 20:46:00,  21.9,   8.4
2023-02-20 20:47:00,  21.9,   8.3
2023-02-20 20:48:00,  21.6,   8.3
2023-02-20 20:49:00,  21.2,   8.3
2023-02-20 20:50:00,  20.5,   8.3
2023-02-20 20:51:00,  19.9,   8.3
2023-02-20 20:52:00,  19.4,   8.1
2023-02-20 20:53:00,  19.3,   8.2
2023-02-20 20:54:00,  18.9,   8.1
2023-02-20 20:55:00,  18.8,   8.1
2023-02-20 20:56:00,  18.9,   8.2
2023-02-20 20:57:00,  19.1,   8.2
2023-02-20 20:58:00,  19.2,   8.0
2023-02-20 20:59:00,  19.7,   8.2
2023-02-20 21:00:00,  20.0,   8.1
2023-02-20 21:01:00,  20.2,   8.0
2023-02-20 21:02:00,  20.3,   7.9
2023-02-20 21:03:00,  20.7,   8.1
2023-02-20 21:04:00,  20.7,   8.0
2023-02-20 21:05:00,  20.6,   7.9
2023-02-20 21:06:00,  20.7,   8.0
2023-02-20 21:07:00,  20.6,   7.9
2023-02-20 21:08:00,  20.5,   7.9
2023-02-20 21:09:00,  20.3,   8.0
2023-02-20 21:10:00,  20.2,   8.0
2023-02-20 21:11:00,  19.7,   7.8
2023-02-20 21:12:00,  19.6,   7.8
2023-02-20 21:13:00,  19.3,   7.8
2023-02-20 21:14:00,  19.1,   7.9
2023-02-20 21:15:00,  19.0,   8.1
2023-02-20 21:16:00,  18.9,   8.2
2023-02-20 21:17:00,  18.7,   8.4
2023-02-20 21:18:00,  18.6,   8.5
2023-02-20 21:19:00,  18.5,   8.5
2023-02-20 21:20:00,  18.4,   8.4
2023-02-20 21:21:00,  18.7,   8.6
2023-02-20 21:22:00,  18.7,   8.4
2023-02-20 21:23:00,  19.1,   8.6
2023-02-20 21:24:00,  19.2,   8.6
2023-02-20 21:25:00,  19.4,   8.8
2023-02-20 21:26:00,  19.2,   8.7
2023-02-20 21:27:00,  19.3,   8.8
2023-02-20 21:28:00,  19.2,   8.9
2023-02-20 21:29:00,  19.2,   8.9
2023-02-20 21:30:00,  19.0,   9.0
2023-02-20 21:31:00,  18.8,   9.0
2023-02-21 07:04:00,   8.1,   2.6
2023-02-21 07:05:00,   8.3,   2.8
2023-02-21 07:06:00,   8.2,   2.7
2023-02-21 07:07:00,   8.8,   2.8
2023-02-21 07:08:00,   9.7,   2.8
2023-02-21 07:09:00,  10.6,   2.8
2023-02-21 07:10:00,  11.7,   2.8
2023-02-21 07:11:00,  12.7,   2.9
2023-02-21 07:12:00,  13.8,   3.0
2023-02-21 07:13:00,  14.7,   2.9
2023-02-21 07:14:00,  15.9,   3.0
2023-02-21 07:15:00,  17.2,   3.1
2023-02-21 07:16:00,  18.3,   3.2
2023-02-21 07:17:00,  19.5,   3.3
2023-02-21 07:18:00,  20.5,   3.2
2023-02-21 07:19:00,  21.6,   3.1
2023-02-21 07:20:00,  22.6,   3.2
2023-02-21 07:21:00,  23.2,   3.2
2023-02-21 07:22:00,  23.8,   3.5
2023-02-21 07:23:00,  23.8,   3.3
2023-02-21 07:24:00,  24.0,   3.5
2023-02-21 07:25:00,  24.0,   3.5
2023-02-21 07:26:00,  23.8,   3.4
2023-02-21 07:27:00,  23.8,   3.5
2023-02-21 07:28:00,  23.7,   3.5
2023-02-21 07:29:00,  23.6,   3.6
2023-02-21 07:30:00,  23.4,   3.7
2023-02-21 07:31:00,  23.2,   3.7
2023-02-21 07:32:00,  22.7,   3.6
2023-02-21 07:33:00,  22.4,   3.8
2023-02-21 07:34:00,  21.7,   3.7
2023-02-21 07:35:00,  21.1,   3.7
2023-02-21 07:36:00,  20.5,   3.7
2023-02-21 07:37:00,  20.1,   3.7
2023-02-21 07:38:00,  20.1,   3.9
2023-02-21 07:39:00,  20.0,   3.9
2023-02-21 07:40:00,  19.8,   3.9
2023-02-21 07:41:00,  19.8,   4.0
2023-02-21 07:42:00,  19.8,   4.0
2023-02-21 07:43:00,  19.9,   4.0
2023-02-21 07:44:00,  19.9,   3.9
2023-02-21 07:45:00,  20.1,   4.0
2023-02-21 07:46:00,  20.3,   4.1
2023-02-21 07:47:00,  20.3,   4.1
2023-02-21 07:48:00,  20.4,   4.1
2023-02-21 07:49:00,  20.5,   4.2
2023-02-21 07:50:00,  20.8,   4.5
2023-02-21 07:51:00,  20.7,   4.5
2023-02-21 07:52:00,  21.0,   4.8
2023-02-21 07:53:00,  20.9,   4.8
2023-02-21 07:54:00,  21.1,   5.2
2023-02-21 07:55:00,  21.0,   5.8
2023-02-21 07:56:00,  21.1,   6.7
2023-02-21 07:57:00,  21.2,   7.6
2023-02-21 07:58:00,  21.0,   8.0
2023-02-21 07:59:00,  20.9,   8.4
2023-02-21 08:00:00,  20.9,   8.7
2023-02-21 08:01:00,  20.6,   8.8
2023-02-21 08:02:00,  20.5,   9.0
2023-02-21 08:03:00,  20.5,   9.2
2023-02-21 08:04:00,  20.2,   9.1
2023-02-21 08:05:00,  20.3,   9.1
2023-02-21 08:06:00,  20.4,   9.1
2023-02-21 08:07:00,  20.5,   9.2
2023-02-21 08:08:00,  20.6,   9.2
2023-02-21 08:09:00,  20.9,   9.4
2023-02-21 08:10:00,  20.9,   9.4
2023-02-21 08:11:00,  20.9,   9.5
2023-02-21 08:12:00,  20.8,   9.5
2023-02-21 08:13:00,  20.5,   9.4
2023-02-21 08:14:00,  20.5,   9.5
2023-02-21 08:15:00,  20.4,   9.5
2023-02-21 08:16:00,  20.1,   9.4
