:GT2K_LOG,0
:LOGGING_ID,6
:LOGGING_NAME,"冷凍機ログ-1min"
:SERIAL_ID,13
:DEVICE_NUM,27
:RECORD_NUM,720
:DATE_ORDER,YYYY/MM/DD hh:mm:ss
:LOCAL_TIME,GMT 00:00
:TIME_INF_ORDER,
:DEV_COMMENT,"フリーザー状態","庫内吹出温度","庫内吸込温度","膨張弁1-1開度","膨張弁1-2開度","膨張弁2-1開度","膨張弁2-2開度","MT1圧縮機状態","LT1圧縮機状態","MT吐出圧力","MT吸入圧力","LT吐出圧力","LT吸入圧力","レシーバー圧力","GAS-C出口圧力","GAS-C出口温度","MT吸入温度","INT-C出口温度","MT吐出温度","LT吸入温度","LT過熱度","冷却水戻温度","温水取出温度","HPV","RPRV","インジェクション","温水流量"
:DEV_TYPE,BIN16,BIN16,BIN16,BIN16,BIN16,BIN16,BIN16,BIN16,BIN16,BIN16,BIN16,BIN16,BIN16,BIN16,BIN16,BIN16,BIN16,BIN16,BIN16,BIN16,BIN16,BIN16,BIN16,BIN16,BIN16,BIN16,BIN16
:DISP_TYPE,DEC,DEC,DEC,DEC,DEC,DEC,DEC,DEC,DEC,DEC,DEC,DEC,DEC,DEC,DEC,DEC,DEC,DEC,DEC,DEC,DEC,DEC,DEC,DEC,DEC,DEC,DEC
:DEV_SIZE,1,1,1,1,1,1,1,1,1,1,1,1,1,1,1,1,1,1,1,1,1,1,1,1,1,1,1
2023/01/23 08:22:10,1,-397,-357,0,423,19,38,2,3,635,221,221,63,278,637,228,97,220,967,-69,411,219,663,29,123,0,78
2023/01/23 08:23:10,1,-396,-357,15,479,17,0,2,3,646,233,233,64,283,646,230,107,223,973,-70,407,222,564,89,241,0,0
2023/01/23 08:24:10,1,-395,-356,0,515,17,0,2,3,646,237,237,65,283,648,233,107,226,979,-70,405,224,533,81,305,0,0
2023/01/23 08:25:10,1,-395,-355,17,529,19,6,2,3,658,241,241,66,282,658,238,102,230,981,-68,404,228,524,105,327,0,1
2023/01/23 08:26:10,1,-395,-357,15,533,19,15,2,3,641,242,242,66,276,643,244,100,235,983,-67,405,230,510,0,290,0,11
2023/01/23 08:27:10,1,-396,-357,19,450,81,27,2,3,686,231,231,66,276,688,242,104,224,982,-67,405,215,515,141,139,0,0
2023/01/23 08:28:10,1,-397,-358,21,308,104,2,2,3,620,232,232,65,282,620,212,110,212,983,-69,406,208,603,165,243,0,0
2023/01/23 08:29:10,1,-398,-363,48,208,156,17,2,3,605,235,235,65,282,605,204,105,205,972,-69,406,206,632,102,282,0,22
2023/01/23 08:30:10,1,-401,-367,81,152,198,21,2,3,609,227,228,65,276,611,204,99,203,955,-68,409,203,843,86,152,0,72
2023/01/23 08:31:10,1,-403,-370,90,90,163,19,2,3,616,225,225,64,277,616,206,109,203,948,-68,409,204,744,124,89,0,77
2023/01/23 08:32:10,1,-406,-373,110,69,135,23,2,3,613,226,226,64,280,613,207,119,203,949,-68,409,202,466,156,111,0,77
2023/01/23 08:33:10,1,-409,-376,188,54,81,48,2,3,616,230,231,64,281,618,207,119,203,951,-68,409,200,432,88,212,0,66
2023/01/23 08:34:10,1,-412,-379,244,48,52,40,2,3,605,218,219,64,279,607,207,115,203,951,-68,409,201,335,85,62,0,200
2023/01/23 08:35:10,1,-414,-369,260,21,4,63,2,3,620,226,226,64,281,622,207,121,203,951,-69,408,201,281,73,156,0,196
2023/01/23 08:36:10,1,-413,-360,279,21,29,81,2,3,609,228,228,64,282,609,208,121,203,954,-70,407,200,289,133,189,0,156
2023/01/23 08:37:10,1,-408,-349,308,29,19,67,2,3,607,231,231,65,282,609,206,116,203,956,-69,406,201,296,84,230,0,133
2023/01/23 08:38:10,1,-401,-338,340,13,21,94,2,3,609,234,235,66,280,611,204,109,202,954,-68,404,198,322,131,226,0,130
2023/01/23 08:39:10,1,-394,-331,379,10,0,83,2,3,605,238,239,66,282,605,203,103,200,948,-68,404,198,346,119,293,0,142
2023/01/23 08:40:10,1,-390,-328,417,2,13,131,2,3,600,233,234,66,277,600,201,100,199,936,-67,403,195,289,100,128,0,260
2023/01/23 08:41:10,1,-387,-323,446,8,15,96,2,3,600,237,237,68,281,600,200,110,198,931,-69,395,196,260,104,228,0,253
2023/01/23 08:42:10,1,-386,-326,460,8,6,171,3,3,633,231,226,68,286,633,199,114,197,927,-70,395,194,317,313,350,0,135
2023/01/23 08:43:10,1,-387,-332,438,19,46,246,3,3,594,215,216,68,279,594,197,88,195,900,-69,396,193,397,177,272,0,144
2023/01/23 08:44:10,1,-390,-332,338,50,35,329,3,3,592,212,213,68,278,592,197,86,195,906,-69,396,193,362,131,214,0,139
2023/01/23 08:45:10,1,-393,-329,171,67,0,398,3,3,594,211,212,68,279,596,197,92,195,921,-71,391,192,354,112,203,0,138
2023/01/23 08:46:10,1,-394,-324,21,83,0,429,3,3,607,213,213,69,280,607,198,97,195,935,-72,390,192,354,159,208,0,137
2023/01/23 08:47:10,1,-394,-322,0,83,15,454,3,3,603,216,217,69,282,603,198,99,195,949,-72,388,193,373,154,275,0,132
2023/01/23 08:48:10,1,-392,-317,13,154,69,417,3,3,603,219,219,69,281,603,198,96,195,965,-72,388,192,391,208,300,0,133
2023/01/23 08:49:10,1,-388,-316,63,290,121,0,3,3,594,216,216,69,279,594,198,89,195,968,-72,390,193,387,156,252,0,132
2023/01/23 08:50:10,1,-386,-319,77,381,127,0,3,3,598,214,215,69,279,598,198,89,195,968,-73,389,194,362,184,234,0,193
2023/01/23 08:51:10,1,-385,-324,115,488,144,0,3,3,609,215,216,69,279,603,199,93,195,969,-74,386,193,341,173,213,0,135
2023/01/23 08:52:10,1,-385,-324,135,567,98,4,3,3,607,219,218,69,281,607,199,97,195,972,-74,384,193,367,212,265,0,135
2023/01/23 08:53:10,1,-386,-319,206,623,85,0,3,19,609,221,221,69,281,609,199,99,195,975,-72,388,192,360,243,268,0,194
2023/01/23 08:54:10,1,-387,-314,346,119,104,0,3,19,607,225,225,69,283,605,199,101,195,975,-72,388,193,386,271,340,0,131
2023/01/23 08:55:10,1,-387,-313,506,0,127,0,3,19,596,222,223,69,279,596,199,91,196,971,-72,390,193,415,226,290,0,215
2023/01/23 08:56:10,1,-387,-311,602,6,127,21,3,19,613,225,226,69,282,613,201,93,196,967,-74,388,194,371,275,331,0,147
2023/01/23 08:57:10,1,-388,-313,0,4,300,110,3,19,613,231,232,66,282,613,201,94,197,967,-76,394,196,402,311,386,0,10
2023/01/23 08:58:10,1,-390,-319,0,0,440,165,3,19,605,224,225,65,279,603,203,76,198,966,-77,398,197,415,256,338,0,0
2023/01/23 08:59:10,1,-391,-323,8,2,521,244,3,19,607,218,218,65,277,607,207,73,201,959,-77,398,198,448,208,258,0,4
2023/01/23 09:00:10,1,-393,-324,2,6,573,277,3,19,615,216,216,65,279,615,210,85,204,960,-76,399,200,505,188,253,0,0
2023/01/23 09:01:10,1,-394,-329,4,0,546,298,3,19,624,218,218,66,279,624,214,95,208,964,-75,397,205,544,192,235,0,0
2023/01/23 09:02:10,1,-397,-341,0,0,548,331,3,19,631,219,219,66,281,631,217,104,211,973,-74,398,208,689,218,281,0,0
2023/01/23 09:03:10,1,-404,-349,13,0,502,406,3,19,639,222,222,66,282,639,221,106,215,984,-72,400,211,750,262,331,0,0
2023/01/23 09:04:10,1,-411,-358,15,0,431,435,3,19,639,222,222,65,281,639,224,99,218,992,-71,405,215,731,275,337,0,0
2023/01/23 09:05:10,1,-417,-367,10,10,304,285,3,19,637,221,222,65,279,637,228,94,221,996,-70,405,217,719,233,295,0,0
2023/01/23 09:06:10,1,-423,-375,0,0,23,0,3,19,639,215,216,62,280,639,231,92,225,999,-71,414,221,706,180,308,0,0
2023/01/23 09:07:10,1,-428,-382,0,0,0,0,3,19,637,211,211,60,279,639,234,85,227,1003,-84,407,224,816,108,280,0,0
2023/01/23 09:08:10,1,-430,-387,0,0,0,0,1,2,620,244,249,65,271,622,236,74,229,1004,-113,363,226,877,0,25,0,0
2023/01/23 09:09:10,1,-427,-389,0,0,0,0,0,2,637,184,188,63,280,639,236,80,231,990,-141,342,227,889,68,202,0,0
2023/01/23 09:10:10,1,-422,-380,0,0,0,0,3,2,620,176,177,58,274,620,235,81,232,978,-160,335,228,677,8,0,0,144
2023/01/23 09:11:10,1,-413,-364,0,0,0,0,0,0,605,119,119,60,276,607,234,75,226,965,-164,326,227,257,0,13,0,144
2023/01/23 09:12:10,1,-397,-347,373,373,373,373,0,0,603,122,122,62,276,605,233,75,218,948,-160,325,225,149,0,0,0,189
2023/01/23 09:13:10,1,-383,-336,496,469,294,167,1,7,601,274,273,65,272,601,232,86,212,919,-155,316,225,122,17,0,0,74
2023/01/23 09:14:10,1,-377,-328,367,325,150,0,35,7,639,194,206,63,279,639,230,102,219,881,-129,354,223,123,217,258,0,0
2023/01/23 09:15:10,1,-377,-328,479,400,0,0,3,7,645,203,204,65,281,645,229,97,223,930,-103,372,223,123,220,281,0,0
2023/01/23 09:16:10,1,-381,-324,552,398,0,0,3,7,631,209,209,66,278,631,230,101,225,1002,-88,383,225,562,114,231,0,117
2023/01/23 09:17:10,1,-386,-320,604,402,0,0,3,7,675,211,212,67,282,675,232,116,227,1039,-80,387,224,470,236,209,0,30
2023/01/23 09:18:10,1,-388,-317,323,431,10,0,3,7,658,228,228,67,283,658,232,113,227,1056,-77,390,224,493,296,377,0,55
2023/01/23 09:19:10,1,-390,-314,0,546,0,29,3,7,652,224,225,66,280,652,233,98,228,1051,-77,393,226,757,270,340,0,0
2023/01/23 09:20:10,1,-391,-315,27,271,63,10,3,7,656,227,228,66,282,656,235,93,230,1046,-81,391,227,770,298,415,0,0
2023/01/23 09:21:10,1,-389,-318,163,10,240,23,3,7,648,219,219,62,278,648,238,75,232,1041,-84,401,230,761,230,360,0,0
2023/01/23 09:22:10,1,-386,-328,323,25,371,46,3,7,631,209,208,60,275,631,240,70,234,1036,-83,407,230,896,53,169,0,55
2023/01/23 09:23:10,1,-386,-336,333,4,373,0,32,7,637,264,265,61,270,639,242,97,236,1028,-80,405,233,689,70,0,0,0
2023/01/23 09:24:10,1,-389,-336,406,2,375,15,3,7,663,201,202,63,282,663,243,116,238,962,-77,405,232,558,213,272,0,0
2023/01/23 09:25:10,1,-393,-331,446,0,365,13,3,7,643,205,205,64,279,643,242,108,238,1002,-74,403,233,664,71,238,0,71
2023/01/23 09:26:10,1,-395,-329,494,0,329,21,3,7,669,207,207,65,281,669,244,113,238,1048,-72,403,235,584,182,238,0,46
2023/01/23 09:27:10,1,-395,-329,504,0,256,21,3,7,669,218,219,65,284,669,244,117,238,1071,-71,404,234,615,209,363,0,56
2023/01/23 09:28:10,1,-396,-326,360,0,277,8,3,7,660,222,223,66,281,660,243,102,239,1079,-71,401,236,654,197,338,0,67
2023/01/23 09:29:10,1,-397,-324,138,8,340,50,3,7,656,216,217,64,279,656,244,96,239,1075,-72,405,237,802,169,300,0,28
2023/01/23 09:30:10,1,-396,-324,8,0,413,85,3,7,665,214,215,63,279,667,244,96,239,1070,-74,406,235,645,195,279,0,71
2023/01/23 09:31:10,1,-395,-322,2,6,452,127,3,7,667,216,216,63,282,667,244,98,240,1069,-74,406,237,604,212,337,0,35
2023/01/23 09:32:10,1,-394,-321,13,0,502,185,3,7,663,216,216,63,279,663,244,94,240,1070,-74,406,236,697,186,296,0,29
2023/01/23 09:33:10,1,-392,-318,8,2,527,258,3,7,669,217,218,64,280,669,245,93,240,1070,-72,405,236,793,196,311,0,0
2023/01/23 09:34:10,1,-391,-322,6,0,554,279,3,7,663,220,221,65,281,663,246,95,241,1070,-71,404,238,813,166,346,0,74
2023/01/23 09:35:10,1,-392,-320,0,0,540,327,3,7,673,219,219,66,279,673,246,98,242,1069,-70,402,239,842,225,323,0,0
2023/01/23 09:36:10,1,-393,-319,0,8,558,325,3,7,675,227,228,66,282,675,247,105,242,1068,-70,400,240,817,263,379,0,0
2023/01/23 09:37:10,1,-395,-318,2,0,529,363,3,7,673,231,232,66,282,671,249,97,244,1067,-70,400,240,804,264,424,0,101
2023/01/23 09:38:10,1,-396,-323,15,4,513,369,3,7,665,227,228,66,278,665,251,93,246,1057,-70,400,242,934,186,328,0,54
2023/01/23 09:39:10,1,-398,-327,4,4,463,406,3,7,660,222,223,66,277,660,253,103,247,1049,-72,398,245,870,96,259,0,126
2023/01/23 09:40:10,1,-401,-328,27,25,450,185,3,7,690,228,228,66,283,690,256,123,249,1049,-75,395,247,532,245,390,0,33
2023/01/23 09:41:10,1,-402,-325,102,46,406,0,3,7,678,230,230,66,282,678,255,111,249,1058,-75,397,245,727,230,402,0,30
2023/01/23 09:42:10,1,-402,-324,142,92,369,0,3,7,669,228,231,66,279,667,254,99,249,1059,-75,397,246,843,187,358,0,77
2023/01/23 09:43:10,1,-400,-324,277,185,358,0,3,7,701,220,221,66,279,703,256,104,250,1048,-75,397,247,466,265,258,0,46
2023/01/23 09:44:10,1,-397,-321,381,294,323,0,3,7,680,227,228,66,279,680,256,107,250,1051,-74,396,249,541,210,323,0,77
2023/01/23 09:45:10,1,-395,-319,460,321,223,0,3,7,686,231,232,67,282,686,256,110,251,1055,-72,395,249,679,265,396,0,45
2023/01/23 09:46:10,1,-395,-320,519,369,129,13,3,7,682,234,234,68,281,682,256,109,251,1056,-71,394,248,783,268,402,0,51
2023/01/23 09:47:10,1,-397,-324,460,425,58,4,3,7,673,234,235,69,278,671,256,109,252,1054,-71,391,246,819,175,369,0,54
2023/01/23 09:48:10,1,-401,-329,0,558,58,6,3,7,648,228,229,67,279,648,236,109,236,1046,-74,393,234,802,197,344,0,84
2023/01/23 09:49:10,1,-406,-331,6,71,144,2,3,7,622,222,222,66,279,622,213,102,217,1030,-79,393,218,658,187,307,0,77
2023/01/23 09:50:10,1,-407,-328,0,0,319,6,3,7,592,217,218,63,279,592,194,93,199,1013,-87,394,206,612,160,299,0,65
2023/01/23 09:51:10,1,-404,-326,10,0,481,23,3,7,583,211,211,62,278,583,192,81,193,994,-93,392,198,585,95,243,0,47
2023/01/23 09:52:10,1,-398,-323,6,13,531,46,3,7,583,208,208,61,278,585,192,79,191,985,-91,396,195,548,31,182,0,177
2023/01/23 09:53:10,1,-393,-321,0,0,575,17,32,7,556,264,264,62,276,556,193,92,191,978,-86,399,191,320,0,49,0,184
2023/01/23 09:54:28,1,-386,-321,0,4,658,10,34,7,594,215,216,63,284,594,195,103,191,885,-81,401,189,346,191,271,0,37
2023/01/23 09:55:28,1,-385,-324,0,0,694,42,34,7,588,212,212,63,280,588,194,87,191,873,-76,404,190,522,141,266,0,45
2023/01/23 09:56:28,1,-386,-324,2,0,633,6,34,7,590,208,208,63,279,590,195,85,192,896,-72,408,189,598,108,209,0,41
2023/01/23 09:57:28,1,-387,-323,10,0,550,81,34,7,594,204,205,63,280,594,197,88,193,918,-71,411,193,611,80,217,0,44
2023/01/23 09:58:28,1,-387,-322,2,0,542,146,34,7,603,203,204,63,278,603,199,90,194,938,-70,412,192,593,87,163,0,61
2023/01/23 09:59:28,1,-385,-320,0,0,488,169,34,7,605,202,203,63,281,605,200,95,196,961,-70,412,195,558,94,205,0,46
2023/01/23 10:00:28,1,-384,-316,0,0,529,219,34,7,609,207,208,63,281,609,202,98,197,979,-70,410,194,584,99,225,0,48
2023/01/23 10:01:28,1,-384,-314,4,0,517,265,34,7,620,214,214,65,281,620,204,100,199,994,-69,406,196,557,157,244,0,86
2023/01/23 10:02:28,1,-385,-313,0,0,585,308,34,7,624,221,221,66,282,624,205,100,200,1005,-69,403,197,552,226,277,0,52
2023/01/23 10:03:28,1,-386,-314,0,4,602,317,34,7,620,226,226,66,281,620,207,97,202,1009,-69,401,200,615,207,312,0,54
2023/01/23 10:04:28,1,-389,-319,10,0,573,342,34,7,620,227,228,67,280,620,208,95,203,1008,-70,397,201,639,213,293,0,51
2023/01/23 10:05:28,1,-393,-323,2,0,579,388,34,7,622,228,228,67,280,622,211,97,205,1002,-71,396,203,597,219,293,0,63
2023/01/23 10:06:57,1,-399,-324,0,0,442,429,34,7,628,234,234,67,282,628,214,99,209,999,-71,396,205,605,260,376,0,0
2023/01/23 10:07:57,1,-400,-322,23,0,408,13,34,7,620,231,231,66,279,620,217,91,212,995,-71,401,209,707,203,344,0,51
2023/01/23 10:08:57,1,-399,-321,35,10,406,0,34,7,630,221,222,65,278,630,221,88,214,992,-76,398,210,851,192,289,0,0
2023/01/23 10:09:57,1,-397,-320,106,13,477,4,34,7,637,220,220,65,280,635,223,92,217,994,-80,395,212,848,197,306,0,14
2023/01/23 10:10:57,1,-394,-320,285,0,554,0,34,7,641,219,220,65,280,641,226,95,220,1003,-79,396,217,835,209,306,0,0
2023/01/23 10:11:57,1,-390,-322,383,0,540,0,34,7,643,222,222,65,279,643,229,96,223,1012,-75,400,220,836,211,312,0,0
2023/01/23 10:12:57,1,-390,-321,483,6,515,0,34,7,648,225,226,66,281,648,233,99,226,1018,-72,398,221,843,203,324,0,0
2023/01/23 10:13:57,1,-392,-321,575,0,433,0,34,7,658,231,231,67,281,658,236,106,229,1022,-71,396,226,838,244,343,0,0
2023/01/23 10:14:57,1,-394,-320,463,0,342,8,34,7,658,234,235,67,280,658,240,108,234,1026,-71,396,228,900,233,350,0,1
2023/01/23 10:15:57,1,-396,-318,0,46,400,0,34,7,665,231,231,66,282,665,244,104,237,1027,-73,399,232,938,251,379,0,0
2023/01/23 10:16:57,1,-396,-317,2,83,373,13,34,7,667,228,228,65,279,665,247,96,240,1029,-79,396,234,944,232,346,0,12
2023/01/23 10:17:57,1,-394,-316,2,202,392,15,34,7,665,225,225,63,280,665,249,93,243,1033,-80,400,237,948,199,337,0,0
2023/01/23 10:18:57,1,-390,-317,2,335,415,17,34,7,669,218,218,63,278,667,252,91,245,1039,-78,402,243,944,167,285,0,34
2023/01/23 10:19:57,1,-388,-325,0,471,396,10,34,7,669,218,218,64,278,667,255,97,247,1046,-77,400,244,963,109,254,0,30
2023/01/23 10:20:57,1,-390,-326,0,560,335,2,34,7,686,218,218,66,279,686,257,113,249,1058,-75,397,246,981,169,243,0,0
2023/01/23 10:21:57,1,-393,-324,2,642,235,10,34,7,682,228,228,66,282,682,258,123,252,1069,-73,397,247,981,181,336,0,1
2023/01/23 10:22:57,1,-394,-322,4,379,135,2,34,7,684,230,231,66,279,684,258,121,252,1073,-71,399,246,969,199,303,0,64
2023/01/23 10:23:57,1,-394,-320,0,0,260,69,34,7,648,222,222,64,279,648,238,112,239,1070,-72,405,234,925,132,306,0,87
2023/01/23 10:24:57,1,-393,-321,8,15,315,110,34,7,609,214,215,63,279,609,214,98,219,1060,-77,404,218,889,82,281,0,84
2023/01/23 10:25:57,1,-391,-325,0,13,444,206,34,7,605,201,202,62,277,607,195,91,203,1047,-78,407,204,743,126,182,0,0
2023/01/23 10:26:57,1,-390,-331,8,2,500,279,34,7,590,204,204,63,280,590,191,91,193,1042,-78,404,198,663,107,222,0,0
2023/01/23 10:27:57,1,-394,-338,10,0,538,288,34,7,598,207,208,63,281,596,191,91,190,1039,-74,406,193,641,146,222,0,0
2023/01/23 10:28:57,1,-401,-343,2,0,531,300,34,7,596,213,213,64,281,596,192,92,190,1035,-71,406,191,641,180,259,0,65
2023/01/23 10:29:57,1,-407,-348,13,10,515,363,34,7,598,213,214,64,279,598,195,90,191,1030,-70,407,192,826,144,230,0,0
2023/01/23 10:30:57,1,-412,-349,13,0,438,371,34,7,588,211,212,64,279,588,197,90,193,1025,-69,408,192,892,57,208,0,134
2023/01/23 10:31:57,1,-415,-351,13,10,335,390,34,7,601,206,207,64,276,601,200,97,195,1021,-70,407,192,483,81,70,0,122
2023/01/23 10:32:57,1,-417,-350,58,6,194,0,34,7,607,207,207,63,283,607,201,107,196,1022,-72,408,195,406,111,178,0,116
2023/01/23 10:33:57,1,-417,-350,113,19,96,13,34,7,609,210,210,63,282,609,201,103,197,1028,-76,406,196,406,101,258,0,248
2023/01/23 10:34:57,1,-416,-348,258,58,42,17,34,7,603,201,201,62,281,603,202,95,197,1030,-80,404,196,331,67,229,0,248
2023/01/23 10:35:57,1,-413,-343,429,127,56,4,34,7,616,200,199,61,280,618,202,93,198,1034,-82,405,197,313,174,222,0,119
2023/01/23 10:36:57,1,-404,-337,513,96,0,0,34,7,600,211,211,62,281,600,201,89,198,1043,-78,405,195,409,100,244,0,127
2023/01/23 10:37:57,1,-397,-331,571,63,17,0,34,7,590,209,209,63,280,590,201,84,198,1045,-73,407,195,443,99,227,0,314
2023/01/23 10:38:57,1,-392,-326,477,75,2,2,34,7,641,207,209,64,285,641,202,95,198,1043,-72,405,197,291,303,201,0,62
2023/01/23 10:39:57,1,-389,-324,344,219,38,31,34,7,613,216,216,63,282,613,202,92,198,1043,-72,408,197,518,188,292,0,27
2023/01/23 10:40:57,1,-387,-322,342,358,88,0,34,7,611,215,216,63,281,611,203,81,199,1038,-72,408,197,559,202,298,0,0
2023/01/23 10:41:57,1,-385,-321,356,413,33,8,34,7,600,212,211,63,278,600,205,79,200,1031,-70,410,199,743,105,227,0,66
2023/01/23 10:42:57,1,-384,-320,394,450,0,0,34,7,626,210,211,65,276,628,208,88,202,1027,-70,405,201,644,137,115,0,74
2023/01/23 10:43:57,1,-385,-319,423,485,8,19,34,7,628,216,216,66,281,628,210,105,204,1027,-72,398,203,492,161,209,0,88
2023/01/23 10:44:57,1,-387,-322,490,473,48,0,34,7,633,228,228,67,282,633,211,113,206,1033,-72,395,204,529,227,286,0,89
2023/01/23 10:45:57,1,-391,-328,492,410,29,25,34,7,624,231,231,67,282,624,212,107,208,1031,-71,396,204,548,211,337,0,87
2023/01/23 10:46:57,1,-396,-334,0,96,94,19,34,7,626,230,230,66,282,626,214,100,209,1022,-71,401,206,579,205,366,0,57
2023/01/23 10:47:57,1,-402,-339,0,0,315,29,34,7,622,220,221,63,279,622,216,89,211,1015,-75,406,206,701,185,315,0,53
2023/01/23 10:48:57,1,-406,-341,8,4,431,19,34,7,615,208,207,62,277,615,218,80,212,1013,-84,402,210,680,84,233,0,74
2023/01/23 10:49:57,1,-408,-340,0,0,554,15,34,7,628,195,195,61,277,628,220,84,213,1020,-84,403,211,518,84,164,0,76
2023/01/23 10:50:57,1,-406,-338,0,0,515,10,2,7,633,222,223,61,280,635,220,96,215,1026,-82,405,211,509,91,194,0,47
2023/01/23 10:51:57,1,-403,-339,0,0,433,35,2,7,626,231,231,61,282,628,220,103,216,1023,-78,409,211,577,48,264,0,47
2023/01/23 10:52:57,1,-399,-340,0,8,469,94,2,7,633,234,234,61,280,635,220,101,216,1009,-74,413,214,623,90,247,0,69
2023/01/23 10:54:47,1,-396,-336,0,0,481,150,2,7,635,229,228,61,278,635,221,103,216,992,-70,417,214,560,85,159,0,54
2023/01/23 10:55:47,1,-394,-333,0,6,456,154,2,7,630,241,242,63,283,631,222,112,217,991,-70,412,214,488,75,294,0,33
2023/01/23 10:56:47,1,-394,-334,0,15,517,210,3,7,626,216,216,63,279,626,222,106,217,956,-68,414,214,586,65,248,0,184
2023/01/23 10:57:47,1,-396,-335,0,0,523,250,3,7,645,215,216,63,282,646,222,105,217,924,-68,412,214,365,173,292,0,68
2023/01/23 10:58:47,1,-400,-337,0,8,517,273,3,7,641,218,218,64,278,643,222,104,218,937,-68,409,217,263,42,138,0,168
2023/01/23 10:59:47,1,-404,-340,0,0,483,310,3,7,770,212,213,64,277,770,230,116,219,969,-69,408,216,179,63,122,0,149
2023/01/23 11:00:47,1,-407,-341,0,0,402,308,3,7,735,218,218,64,284,736,228,129,222,1026,-71,406,220,147,93,239,0,135
2023/01/23 11:01:47,1,-410,-343,0,10,308,375,3,7,796,220,220,64,279,796,229,126,224,1069,-71,406,221,145,258,245,0,149
2023/01/23 11:02:47,1,-412,-343,6,6,213,360,3,7,750,219,220,64,281,748,231,119,227,1097,-70,407,224,143,0,343,0,150
2023/01/23 11:03:47,1,-412,-344,25,10,279,2,3,7,759,219,219,63,280,757,235,109,230,1117,-71,411,226,143,303,260,175,0
2023/01/23 11:04:47,1,-412,-347,29,6,317,0,3,7,712,218,218,62,281,712,237,90,233,1126,-76,410,229,143,274,284,260,0
2023/01/23 11:05:47,1,-412,-349,73,0,383,4,3,7,661,222,222,61,280,661,239,48,235,1119,-77,410,233,143,290,355,208,0
2023/01/23 11:06:47,1,-411,-349,156,0,467,0,3,7,654,216,217,61,279,654,242,20,236,1092,-75,413,233,143,228,324,0,1
2023/01/23 11:07:47,1,-407,-346,208,0,419,0,3,7,652,213,213,61,278,652,244,34,238,1072,-72,415,236,143,159,265,0,1
2023/01/23 11:08:47,1,-404,-342,281,0,400,0,3,7,654,207,208,62,273,656,245,55,240,1063,-71,414,238,685,96,64,0,61
2023/01/23 11:09:47,1,-402,-338,350,23,348,0,3,7,667,210,210,63,279,669,247,94,241,1058,-72,408,238,785,135,128,0,73
2023/01/23 11:10:47,1,-400,-334,442,6,308,33,3,7,690,219,219,64,286,690,247,114,242,1062,-72,405,239,622,276,323,0,12
2023/01/23 11:11:47,1,-400,-335,502,13,225,0,3,7,678,225,226,65,283,678,247,106,242,1071,-71,404,240,613,280,359,0,0
2023/01/23 11:12:47,1,-401,-337,490,10,185,6,3,7,675,227,227,65,282,675,248,92,243,1073,-69,406,242,613,308,384,0,0
2023/01/23 11:13:47,1,-403,-335,0,98,250,10,3,7,661,222,222,63,279,661,250,84,244,1068,-68,412,242,807,214,336,0,81
2023/01/23 11:14:47,1,-405,-337,10,169,323,6,3,7,654,214,215,63,277,654,251,84,246,1060,-71,411,244,880,106,249,0,84
2023/01/23 11:15:47,1,-406,-342,0,315,390,6,3,7,673,209,210,62,278,673,253,99,246,1056,-72,413,246,588,134,185,0,75
2023/01/23 11:16:47,1,-408,-347,0,371,377,42,3,7,671,213,213,62,282,673,253,111,246,1060,-73,412,243,546,124,281,0,68
2023/01/23 11:17:47,1,-411,-350,0,440,294,40,3,7,680,215,215,63,281,680,251,110,246,1071,-71,411,245,570,195,283,0,3
2023/01/23 11:18:47,1,-413,-352,0,500,210,0,3,7,693,219,219,63,281,693,249,106,246,1078,-69,411,244,606,305,285,0,0
2023/01/23 11:19:47,1,-416,-357,0,500,106,0,3,7,675,222,222,63,280,675,249,96,245,1081,-68,412,242,603,247,321,0,0
2023/01/23 11:20:47,1,-419,-363,0,123,121,63,3,7,675,219,220,62,281,675,249,89,245,1080,-68,414,244,598,271,342,0,41
2023/01/23 11:21:47,1,-423,-368,0,0,0,0,3,7,652,214,213,60,278,652,249,80,245,1076,-70,424,243,744,127,289,0,93
2023/01/23 11:22:47,1,-425,-372,0,0,0,0,0,2,630,234,240,63,270,631,250,73,245,1068,-80,400,244,681,0,0,0,76
2023/01/23 11:23:47,1,-424,-376,0,0,0,0,2,2,660,176,177,62,280,661,251,89,246,1048,-98,388,244,383,71,171,0,70
2023/01/23 11:24:47,1,-420,-376,0,0,0,0,1,0,628,251,251,59,274,628,249,92,245,1033,-115,380,241,309,11,0,0,74
2023/01/23 11:25:47,1,-414,-376,0,0,0,0,0,0,633,159,160,63,276,635,248,89,243,1010,-117,363,242,246,0,0,0,68
2023/01/23 11:26:47,1,-405,-374,0,0,0,0,0,0,618,161,161,65,276,618,246,87,234,991,-114,361,239,242,0,0,0,85
2023/01/23 11:27:47,1,-398,-371,179,217,150,254,0,0,615,161,161,68,274,615,242,87,222,968,-110,345,237,171,0,0,0,91
2023/01/23 11:28:47,1,-395,-370,285,260,421,588,7,11,656,274,252,63,273,656,241,107,220,945,-107,374,236,143,365,118,0,134
2023/01/23 11:29:47,1,-402,-370,154,50,269,531,3,11,652,216,216,65,279,652,238,115,227,919,-94,381,232,341,156,191,0,149
2023/01/23 11:30:47,1,-414,-373,48,8,160,510,3,11,658,220,220,65,283,658,237,123,230,980,-82,394,232,390,204,304,0,141
2023/01/23 11:31:47,1,-424,-378,0,0,175,206,3,11,646,225,225,63,283,646,235,113,230,1031,-75,402,229,456,184,358,0,101
2023/01/23 11:32:47,1,-432,-384,0,0,0,0,3,11,639,214,215,60,278,639,234,92,230,1047,-80,408,230,490,107,275,0,93
2023/01/23 11:33:47,1,-438,-389,0,0,0,0,3,2,639,197,197,60,273,641,234,84,230,1048,-110,380,230,457,53,139,0,162
2023/01/23 11:34:47,1,-439,-394,0,0,0,0,3,2,646,195,196,63,280,646,233,88,230,1037,-143,341,227,233,151,194,0,157
2023/01/23 11:35:47,1,-438,-397,0,0,0,0,2,2,615,256,255,61,273,616,231,84,229,1024,-169,316,225,231,23,13,0,166
2023/01/23 11:36:47,1,-435,-399,0,0,0,0,0,0,652,156,152,59,274,654,232,78,227,1013,-186,310,226,162,0,0,0,90
2023/01/23 11:37:47,1,-428,-399,0,0,0,0,0,0,607,147,147,63,275,607,231,69,219,1004,-185,297,224,148,2,0,0,98
2023/01/23 11:38:47,1,-422,-397,0,0,0,0,0,0,596,147,147,64,276,598,229,69,206,981,-180,297,224,147,0,0,0,101
2023/01/23 11:39:47,1,-416,-395,0,0,0,0,0,0,594,147,147,66,276,594,227,70,194,957,-175,297,220,133,5,0,0,152
2023/01/23 11:40:47,1,-411,-393,0,0,0,0,0,0,592,147,148,67,277,592,225,71,182,929,-170,297,220,118,0,0,0,156
2023/01/23 11:41:47,1,-407,-391,0,0,0,0,0,0,588,148,148,69,277,590,224,72,173,897,-166,296,218,115,0,0,0,91
2023/01/23 11:42:47,1,-403,-389,0,0,0,0,0,2,586,149,152,67,278,586,222,73,162,851,-162,298,215,123,0,0,0,123
2023/01/23 11:43:47,1,-399,-386,208,206,196,148,0,2,585,223,223,63,275,585,221,82,168,797,-166,319,214,125,0,0,0,116
2023/01/23 11:44:47,1,-400,-384,144,58,85,29,3,2,631,183,183,66,285,631,226,95,182,769,-159,312,215,131,146,245,0,63
2023/01/23 11:45:47,1,-401,-383,169,23,48,27,4,2,613,220,225,66,282,613,219,91,194,817,-142,332,213,251,139,202,0,0
2023/01/23 11:46:47,1,-402,-382,246,25,63,15,4,2,620,206,205,66,276,620,217,82,201,790,-122,349,210,274,66,121,0,18
2023/01/23 11:47:47,1,-402,-381,283,48,54,2,0,2,590,240,239,65,277,590,217,76,205,804,-109,366,210,286,0,47,0,0
2023/01/23 11:48:47,1,-402,-380,269,33,33,8,2,2,613,177,177,65,282,613,216,87,207,827,-98,376,211,338,106,180,0,0
2023/01/23 11:49:47,1,-403,-380,256,27,29,0,3,2,635,207,225,66,282,637,215,91,210,861,-90,383,208,403,220,58,0,3
2023/01/23 11:50:47,1,-404,-380,238,44,67,0,0,2,586,241,247,66,275,588,215,87,209,896,-82,389,209,424,0,36,0,0
2023/01/23 11:51:47,1,-405,-381,213,50,81,2,3,2,605,190,189,66,282,607,215,88,210,921,-77,395,207,465,45,240,0,0
2023/01/23 11:52:47,1,-405,-382,183,65,63,17,3,2,611,189,192,66,283,611,214,91,211,936,-74,397,209,464,121,156,0,3
2023/01/23 11:53:47,1,-406,-382,125,65,71,0,0,2,590,243,249,66,275,590,214,87,210,956,-71,399,209,487,0,0,0,0
2023/01/23 11:54:47,1,-407,-383,94,79,79,0,0,2,603,199,200,66,279,605,214,91,210,967,-70,400,208,511,36,141,0,0
2023/01/23 11:55:47,1,-408,-383,52,98,63,0,3,2,611,184,184,66,285,611,214,95,211,974,-68,402,209,552,86,201,0,70
2023/01/23 11:56:47,1,-407,-384,8,94,100,31,3,2,601,258,253,66,275,603,214,94,211,984,-68,402,209,728,162,19,0,16
2023/01/23 11:57:47,1,-408,-384,0,77,94,2,0,2,600,214,214,66,276,600,214,95,210,989,-67,403,208,756,0,25,0,11
2023/01/23 11:58:47,1,-409,-385,17,85,85,19,2,2,615,187,187,66,283,615,215,98,211,989,-67,403,209,751,106,179,0,0
2023/01/23 11:59:47,1,-410,-386,35,88,123,21,3,2,615,195,192,66,284,615,214,97,211,993,-66,404,207,750,103,220,0,0
2023/01/23 12:00:47,1,-410,-386,52,63,71,25,1,2,596,264,263,66,275,596,214,90,211,996,-66,404,209,746,0,29,0,4
2023/01/23 12:01:47,1,-410,-387,60,65,54,15,0,2,607,194,200,66,280,607,215,89,211,997,-65,405,210,742,0,97,0,21
2023/01/23 12:02:47,1,-410,-388,90,69,75,19,3,2,609,185,186,66,284,609,215,92,211,1000,-65,405,208,726,93,176,0,11
2023/01/23 12:03:47,1,-410,-388,113,67,38,19,3,2,622,204,234,66,282,622,215,94,212,1003,-65,405,208,727,149,100,0,0
2023/01/23 12:04:47,1,-410,-389,129,73,48,6,1,2,586,255,255,66,275,588,216,89,211,1006,-65,407,210,724,0,13,0,0
2023/01/23 12:05:47,1,-411,-389,129,60,58,13,3,2,603,189,189,66,279,605,216,89,211,1005,-65,407,210,734,16,175,0,41
2023/01/23 12:06:47,1,-411,-389,110,40,77,10,3,2,622,200,192,66,281,622,216,94,212,1005,-65,407,209,806,99,162,0,0
2023/01/23 12:07:47,1,-412,-390,75,13,79,52,1,2,590,248,254,66,276,590,216,91,212,1008,-65,405,208,814,0,10,0,0
2023/01/23 12:08:47,1,-413,-390,60,19,88,4,0,2,601,198,197,66,280,601,217,95,212,1009,-65,405,208,816,0,130,0,144
2023/01/23 12:09:47,1,-414,-390,40,40,117,79,3,2,596,168,169,66,281,596,215,99,213,1009,-65,405,208,455,29,95,0,141
2023/01/23 12:10:47,1,-414,-391,29,81,88,50,1,2,588,253,257,66,278,588,217,105,212,1013,-65,407,207,343,0,17,0,37
2023/01/23 12:11:47,1,-415,-392,8,88,38,56,2,2,607,198,198,66,282,609,216,108,212,1009,-65,407,209,328,108,184,0,23
2023/01/23 12:12:47,1,-415,-392,17,88,42,46,0,2,611,193,193,66,276,611,214,98,211,1019,-65,407,207,455,47,13,0,165
2023/01/23 12:13:47,1,-415,-392,31,104,48,65,3,2,609,184,198,66,284,611,214,117,211,1015,-65,407,206,194,131,119,0,101
2023/01/23 12:14:47,1,-414,-392,35,121,19,48,3,2,573,261,261,66,276,575,212,110,209,1011,-64,408,205,299,64,27,0,90
2023/01/23 12:15:47,1,-414,-392,38,100,27,31,0,2,579,230,229,66,278,581,210,101,208,1010,-64,408,206,333,0,120,0,42
2023/01/23 12:16:47,1,-414,-392,40,75,31,67,2,2,598,188,188,66,285,598,209,96,207,1010,-63,409,202,399,91,260,0,0
2023/01/23 12:17:47,1,-415,-391,48,69,79,48,2,2,607,199,200,66,278,607,208,82,206,1020,-63,409,203,409,55,84,0,6
2023/01/23 12:18:47,1,-415,-391,48,40,113,23,2,2,588,201,201,66,279,588,209,86,206,1029,-63,407,201,438,0,69,0,0
2023/01/23 12:19:47,1,-414,-388,42,13,108,56,2,2,605,213,213,66,280,605,209,96,205,1034,-64,406,201,584,81,99,0,3
2023/01/23 12:20:47,1,-412,-388,46,13,83,42,2,2,613,213,212,66,279,613,209,95,205,1040,-64,406,200,572,47,67,0,0
2023/01/23 12:22:01,1,-411,-386,52,31,50,73,2,2,607,207,207,66,281,609,208,94,204,1045,-64,406,201,560,38,93,0,10
2023/01/23 12:23:01,1,-409,-385,44,44,19,73,2,2,626,211,211,66,279,626,208,97,204,1046,-64,405,200,529,47,75,0,3
2023/01/23 12:24:01,1,-408,-383,15,69,13,71,2,2,613,212,212,66,279,613,208,97,204,1046,-65,405,201,508,98,58,0,15
2023/01/23 12:25:01,1,-408,-382,0,60,0,58,2,2,609,213,213,66,281,609,208,98,204,1044,-65,405,200,555,36,98,0,0
2023/01/23 12:26:01,1,-408,-380,21,69,27,46,2,2,620,212,212,66,279,620,208,97,204,1043,-66,404,202,570,86,61,0,42
2023/01/23 12:27:01,1,-407,-380,15,102,31,71,2,2,609,210,210,66,282,609,208,98,204,1041,-66,404,201,768,35,119,0,0
2023/01/23 12:28:01,1,-406,-379,44,117,73,92,2,2,607,206,206,66,282,609,208,97,204,1039,-66,404,200,782,39,113,0,0
2023/01/23 12:29:01,1,-404,-378,33,98,71,23,2,2,615,211,210,67,279,615,208,96,204,1038,-66,401,201,776,103,55,0,0
2023/01/23 12:30:01,1,-404,-377,38,90,44,35,2,2,611,214,214,67,281,611,208,98,204,1035,-66,401,203,789,47,98,0,0
2023/01/23 12:31:01,1,-403,-377,42,67,63,56,2,2,622,214,215,67,279,622,209,98,204,1033,-66,401,203,789,108,57,0,0
2023/01/23 12:32:01,1,-402,-377,54,58,94,58,2,2,618,216,216,68,279,618,209,97,204,1032,-66,399,204,782,99,61,0,51
2023/01/23 12:33:01,1,-402,-376,52,54,67,83,2,2,626,213,213,68,279,626,210,99,205,1030,-66,399,205,846,103,57,0,21
2023/01/23 12:34:01,1,-402,-374,63,63,58,69,2,2,613,211,211,68,281,615,211,104,205,1027,-66,399,204,885,58,95,0,48
2023/01/23 12:35:01,1,-401,-372,63,54,54,88,2,2,616,213,214,68,281,618,211,109,205,1025,-66,399,204,803,55,98,0,38
2023/01/23 12:36:01,1,-399,-371,54,60,44,85,2,2,624,216,216,68,279,624,211,110,206,1026,-67,398,205,637,112,66,0,37
2023/01/23 12:37:01,1,-398,-371,42,71,44,85,2,2,626,216,216,69,279,626,211,106,206,1026,-67,395,202,590,56,54,0,34
2023/01/23 12:38:01,1,-398,-369,29,69,44,67,2,2,615,218,218,69,281,615,210,106,206,1025,-67,395,204,579,72,83,0,31
2023/01/23 12:39:01,1,-399,-366,17,71,56,81,2,2,613,214,215,69,281,615,210,103,206,1024,-67,393,204,582,48,96,0,32
2023/01/23 12:40:01,1,-398,-365,21,90,71,65,2,2,616,219,219,69,280,616,209,102,205,1021,-68,392,202,577,106,80,0,31
2023/01/23 12:41:01,1,-396,-365,31,85,75,48,2,2,613,219,219,69,283,613,209,100,205,1018,-68,392,202,576,97,144,0,19
2023/01/23 12:42:01,1,-395,-364,42,98,63,79,2,2,622,219,219,69,279,624,210,98,206,1014,-68,392,204,592,94,98,0,27
2023/01/23 12:43:01,1,-395,-363,46,88,60,56,2,3,616,219,219,70,282,616,212,97,207,1010,-68,390,206,635,58,156,0,0
2023/01/23 12:44:01,1,-395,-363,225,263,223,263,2,3,624,239,239,67,284,624,215,106,210,1007,-68,399,209,638,75,234,0,8
2023/01/23 12:45:01,1,-398,-364,225,254,167,248,3,3,639,245,244,68,282,639,221,112,215,999,-65,400,212,641,111,291,0,0
2023/01/23 12:46:01,1,-403,-366,248,238,125,263,3,3,654,222,222,69,282,654,228,109,220,972,-64,398,219,645,214,315,0,15
2023/01/23 12:47:01,1,-409,-369,260,258,23,252,3,3,663,224,225,69,281,663,239,104,229,984,-64,398,225,690,229,330,0,0
2023/01/23 12:48:01,1,-415,-372,260,258,6,244,3,3,671,224,225,69,281,671,247,101,237,1007,-64,398,232,731,237,350,0,3
2023/01/23 12:49:01,1,-420,-373,98,67,27,158,3,3,660,213,214,69,275,660,250,99,238,1028,-66,396,230,846,89,143,0,23
2023/01/23 12:50:01,1,-425,-376,0,0,0,0,3,3,658,215,216,66,282,658,235,110,231,1037,-71,399,225,908,178,297,0,0
2023/01/23 12:51:01,1,-429,-380,0,0,0,0,3,3,650,216,217,66,282,650,230,96,228,1045,-104,370,225,907,194,338,0,0
2023/01/23 12:52:01,1,-432,-383,0,0,0,0,3,3,641,213,213,64,279,641,231,79,227,1050,-151,320,225,895,136,288,0,0
2023/01/23 12:53:01,1,-434,-384,0,0,0,0,3,3,635,205,204,62,277,635,233,67,227,1048,-197,290,227,885,57,228,0,21
2023/01/23 12:54:01,1,-431,-384,0,0,0,0,2,0,630,234,224,62,274,630,234,67,229,1044,-222,269,226,917,31,53,0,0
2023/01/23 12:55:01,1,-423,-384,0,0,0,0,0,1,605,159,159,70,274,607,234,60,226,1027,-221,237,227,961,0,11,0,90
2023/01/23 12:56:01,1,-414,-383,0,0,0,0,0,1,601,242,238,57,276,603,234,67,222,1004,-223,282,225,328,0,0,0,145
2023/01/23 12:57:01,1,-406,-378,0,0,0,0,0,0,603,141,142,56,276,605,233,73,220,978,-223,283,225,208,0,0,0,146
2023/01/23 12:58:01,1,-397,-374,183,181,200,248,0,0,596,141,141,64,276,598,230,70,213,959,-218,267,222,194,0,0,0,184
2023/01/23 12:59:01,1,-393,-373,340,352,308,298,3,3,596,276,279,66,271,596,228,81,209,938,-203,263,220,134,31,0,0,140
2023/01/23 13:00:01,1,-394,-370,292,292,235,225,0,3,613,204,219,67,278,615,231,103,214,910,-160,304,220,304,0,65,0,132
2023/01/23 13:01:01,1,-399,-369,265,263,127,133,3,3,630,213,212,68,288,630,227,125,219,851,-123,340,218,333,263,358,0,65
2023/01/23 13:02:01,1,-405,-368,252,244,40,115,3,3,631,213,213,68,282,631,225,113,220,927,-100,364,220,490,185,292,0,69
2023/01/23 13:03:01,1,-410,-370,246,244,6,54,3,3,635,213,213,68,279,635,228,105,222,1009,-84,381,220,537,157,241,0,98
2023/01/23 13:04:01,1,-415,-373,265,250,8,88,3,3,646,211,211,68,281,646,232,105,225,1043,-77,387,223,506,170,268,0,79
2023/01/23 13:05:01,1,-419,-376,267,248,8,102,3,3,654,212,213,67,281,654,235,106,228,1060,-74,393,227,525,194,290,0,78
2023/01/23 13:06:01,1,-424,-377,0,0,0,0,3,3,645,210,209,65,281,646,237,100,231,1072,-73,402,229,533,118,298,0,108
2023/01/23 13:07:01,1,-427,-378,0,0,0,0,3,3,652,206,207,63,278,652,240,90,233,1074,-90,389,229,480,105,232,0,79
2023/01/23 13:08:01,1,-428,-381,0,0,0,0,3,3,650,199,199,63,279,652,238,86,233,1075,-126,359,226,475,94,209,0,91
2023/01/23 13:09:01,1,-427,-383,0,0,0,0,4,0,626,240,241,59,273,628,232,85,231,1075,-161,335,224,427,69,39,0,84
2023/01/23 13:10:01,1,-422,-384,0,0,0,0,0,0,592,191,191,69,274,594,229,78,222,989,-168,292,223,331,0,0,0,96
2023/01/23 13:11:01,1,-415,-382,0,0,0,0,3,3,620,246,247,53,276,622,227,84,210,944,-175,342,222,201,107,4,0,71
2023/01/23 13:12:01,1,-407,-379,0,0,0,0,0,0,592,153,153,48,276,594,227,69,207,945,-184,351,220,299,0,25,0,90
2023/01/23 13:13:01,1,-398,-374,354,346,333,329,0,0,583,153,153,56,276,585,223,65,194,942,-179,343,217,249,0,0,0,67
2023/01/23 13:14:01,1,-393,-372,275,281,292,271,0,3,581,260,235,66,272,581,220,71,186,924,-174,303,215,169,0,0,0,261
2023/01/23 13:15:01,1,-392,-369,252,223,215,294,0,3,596,183,182,66,280,596,222,89,197,914,-145,325,212,276,0,189,0,70
2023/01/23 13:16:01,1,-396,-366,227,192,106,238,9,3,626,210,210,67,288,626,218,110,206,878,-116,350,210,307,206,342,0,77
2023/01/23 13:17:01,1,-401,-364,231,175,38,260,9,3,618,212,213,68,282,618,216,99,209,872,-96,370,211,458,157,282,0,84
2023/01/23 13:18:01,1,-406,-366,223,171,0,223,9,3,624,210,210,68,279,624,219,96,213,902,-81,384,212,484,135,226,0,73
2023/01/23 13:19:01,1,-411,-369,242,167,23,271,9,3,622,208,209,68,276,624,222,98,216,932,-76,389,214,465,47,197,0,221
2023/01/23 13:20:01,1,-416,-372,244,171,21,227,1,3,658,237,230,68,279,658,227,116,220,961,-74,391,216,299,182,69,0,73
2023/01/23 13:21:01,1,-420,-374,202,102,46,165,7,3,641,211,210,68,287,641,228,120,223,997,-73,393,220,433,195,412,0,76
2023/01/23 13:22:01,1,-423,-376,0,0,0,0,3,3,646,200,200,66,281,646,228,87,223,987,-71,401,220,576,236,309,0,0
2023/01/23 13:23:01,1,-427,-378,0,0,0,0,3,3,646,201,202,65,279,646,234,68,227,1037,-94,383,226,579,197,316,0,0
2023/01/23 13:24:01,1,-430,-382,0,0,0,0,3,3,650,200,200,63,279,650,240,57,231,1073,-136,346,229,577,151,278,0,0
2023/01/23 13:25:01,1,-430,-383,0,0,0,0,0,3,641,193,192,60,270,643,245,50,235,1086,-174,319,231,573,10,37,0,0
2023/01/23 13:26:01,1,-425,-383,0,0,0,0,0,0,607,229,229,66,275,607,243,59,234,1078,-191,276,229,569,2,0,0,0
2023/01/23 13:27:01,1,-417,-381,0,0,0,0,0,1,601,256,243,69,276,601,236,62,218,1052,-189,278,225,564,0,0,0,0
2023/01/23 13:28:01,1,-407,-378,0,0,0,0,0,0,628,138,135,54,279,630,238,62,212,1026,-197,315,224,723,17,73,0,0
2023/01/23 13:29:01,1,-398,-375,375,375,365,350,0,0,596,132,132,61,279,598,232,55,204,1008,-194,308,222,495,0,55,0,171
2023/01/23 13:30:01,1,-393,-372,348,352,344,331,0,3,594,271,270,66,272,596,227,68,199,982,-183,286,220,164,5,0,0,78
2023/01/23 13:31:01,1,-393,-370,313,313,275,269,2,3,611,206,204,67,278,613,229,95,210,961,-150,317,222,292,23,187,0,152
2023/01/23 13:32:01,1,-398,-368,269,256,185,160,2,3,635,239,240,68,279,635,227,118,218,979,-119,345,219,256,49,130,0,167
2023/01/23 13:33:01,1,-404,-368,260,252,81,102,2,3,755,243,243,69,279,755,233,140,222,1017,-99,365,222,184,26,131,0,147
2023/01/23 13:34:01,1,-410,-369,265,252,44,119,3,3,778,222,222,69,284,778,237,147,228,1065,-85,378,227,150,86,306,0,140
2023/01/23 13:35:01,1,-415,-372,256,221,10,69,3,3,776,222,222,69,280,778,246,132,237,1101,-76,386,232,147,199,263,0,140
2023/01/23 13:36:01,1,-420,-375,29,0,46,46,3,3,787,219,220,68,279,787,243,122,238,1135,-72,393,232,147,283,252,335,56
2023/01/23 13:37:01,1,-425,-378,0,0,0,0,3,3,729,222,222,66,284,731,238,88,236,1148,-73,399,233,157,335,442,488,12
2023/01/23 13:38:01,1,-430,-382,0,0,0,0,3,3,663,219,220,64,280,663,238,-2,236,1138,-102,377,232,454,235,356,369,0
2023/01/23 13:39:01,1,-433,-385,0,0,0,0,3,3,652,213,213,63,279,654,241,-39,236,1110,-144,336,236,585,183,323,108,0
2023/01/23 13:40:01,1,-435,-389,0,0,0,0,3,3,645,202,202,60,278,645,242,-42,237,1091,-181,309,236,584,88,273,0,0
2023/01/23 13:41:01,1,-431,-391,0,0,0,0,0,0,622,195,195,66,273,624,243,-33,233,1074,-200,267,237,588,0,44,0,0
2023/01/23 13:42:01,1,-425,-390,0,0,0,0,1,3,616,253,261,60,275,616,242,-28,216,1051,-201,285,236,701,0,0,0,0
2023/01/23 13:43:01,1,-418,-389,0,0,0,0,2,0,645,144,144,48,279,645,243,-3,217,1026,-212,323,234,696,66,125,0,0
2023/01/23 13:44:01,1,-410,-387,0,0,0,0,0,0,620,142,142,50,276,620,241,-10,210,1012,-209,320,233,684,0,0,0,0
2023/01/23 13:45:01,1,-403,-384,0,0,0,0,0,0,613,142,142,51,276,615,239,-9,195,987,-204,319,234,683,0,0,0,0
2023/01/23 13:46:01,1,-397,-379,0,2,0,0,0,0,607,142,142,66,273,609,238,-7,183,961,-200,270,231,684,0,0,0,0
2023/01/23 13:47:01,1,-395,-376,302,331,298,310,1,3,605,268,267,66,272,605,235,7,181,939,-189,285,230,763,20,0,0,16
2023/01/23 13:48:01,1,-395,-373,248,267,202,288,0,3,620,204,218,67,277,620,238,49,205,920,-151,316,230,815,0,95,0,63
2023/01/23 13:49:01,1,-399,-372,208,231,129,275,3,3,626,207,207,68,285,626,235,90,220,895,-117,348,228,753,74,272,0,1
2023/01/23 13:50:01,1,-406,-372,202,233,19,252,3,3,645,210,211,68,282,646,234,98,225,953,-96,369,228,679,122,263,0,10
2023/01/23 13:51:01,1,-412,-374,198,223,17,244,3,3,652,212,213,68,281,652,234,100,228,1012,-83,383,229,714,129,279,0,85
2023/01/23 13:52:01,1,-418,-375,206,198,17,254,3,3,650,211,211,68,281,652,235,100,229,1049,-76,390,228,675,127,274,0,8
2023/01/23 13:53:01,1,-423,-377,0,0,0,0,3,3,635,213,213,67,282,635,236,101,230,1065,-72,395,228,695,76,319,0,198
2023/01/23 13:54:01,1,-426,-379,0,0,0,0,3,3,650,204,204,65,278,650,235,97,231,1070,-77,394,229,418,26,198,0,245
2023/01/23 13:55:01,1,-429,-381,0,0,0,0,3,3,648,207,207,64,284,648,236,103,231,1070,-115,367,227,314,81,297,0,104
2023/01/23 13:56:01,1,-430,-382,0,0,0,0,3,3,645,210,210,62,282,645,234,86,231,1075,-159,327,226,455,101,326,0,69
2023/01/23 13:57:01,1,-428,-384,0,0,0,0,0,0,611,213,191,58,275,613,233,60,230,1077,-188,299,227,529,0,242,0,4
2023/01/23 13:58:01,1,-420,-384,0,0,0,0,0,0,600,228,228,69,273,601,230,58,203,1062,-193,269,226,524,0,14,0,93
2023/01/23 13:59:01,1,-412,-383,0,0,0,0,1,1,596,258,261,63,274,598,229,59,185,1041,-189,288,225,290,6,0,0,73
2023/01/23 14:00:01,1,-404,-382,0,0,0,0,0,0,605,142,142,54,277,607,229,51,186,1011,-197,317,224,232,0,98,0,0
2023/01/23 14:01:01,1,-398,-378,267,279,240,217,0,0,590,150,150,61,274,590,228,45,176,995,-194,282,221,327,0,0,0,51
2023/01/23 14:02:01,1,-396,-376,340,340,317,331,1,3,590,274,252,66,270,590,225,54,170,970,-186,288,218,229,0,0,0,0
2023/01/23 14:03:01,1,-396,-374,310,283,188,265,2,3,601,200,211,67,279,601,225,75,193,946,-151,317,217,257,11,175,0,54
2023/01/23 14:04:01,1,-401,-374,271,265,102,213,2,3,631,239,239,68,279,633,223,94,207,959,-121,348,219,453,77,145,0,22
2023/01/23 14:05:01,1,-407,-374,258,240,27,160,3,3,639,240,241,68,284,639,227,114,218,993,-97,367,221,536,128,309,0,31
2023/01/23 14:06:01,1,-413,-374,238,213,17,169,3,3,654,217,218,68,282,654,233,108,224,1012,-82,382,223,668,147,316,0,43
2023/01/23 14:07:01,1,-418,-377,231,208,8,125,3,3,663,218,219,68,282,665,239,103,230,1039,-75,390,228,636,188,329,0,0
2023/01/23 14:08:01,1,-422,-379,0,0,200,254,3,3,650,219,220,67,281,650,243,98,235,1058,-71,396,232,607,106,369,0,76
2023/01/23 14:09:01,1,-426,-380,0,0,0,0,3,3,648,211,210,65,278,648,239,87,235,1066,-78,398,231,798,40,266,0,10
2023/01/23 14:10:01,1,-429,-380,0,0,0,0,3,3,652,201,201,64,274,652,236,84,233,1066,-114,365,228,734,51,112,0,116
2023/01/23 14:11:01,1,-429,-382,0,0,0,0,3,3,656,197,197,62,280,656,236,91,232,1066,-158,327,227,456,89,179,0,80
2023/01/23 14:12:01,1,-427,-382,0,0,0,0,5,0,648,198,199,60,284,650,234,93,231,1054,-188,306,227,444,132,238,0,8
2023/01/23 14:13:01,1,-420,-383,0,0,0,0,0,0,613,165,165,69,275,615,232,65,223,1001,-191,269,227,454,0,51,0,0
2023/01/23 14:14:01,1,-411,-382,0,0,0,0,0,1,603,227,228,60,276,603,230,64,215,981,-192,301,225,457,0,0,0,6
2023/01/23 14:15:01,1,-405,-381,0,0,0,0,1,0,624,183,183,55,279,626,230,74,215,960,-197,315,224,467,75,53,0,0
2023/01/23 14:16:01,1,-399,-379,363,342,279,350,0,0,601,165,165,63,276,601,230,63,206,953,-192,290,222,479,0,0,0,0
2023/01/23 14:17:01,1,-397,-378,327,321,308,350,1,3,592,273,278,66,273,592,228,69,199,936,-182,288,219,483,0,0,0,21
2023/01/23 14:18:01,1,-398,-377,290,273,202,308,2,3,613,228,227,66,280,615,225,84,209,928,-148,322,220,506,88,222,0,0
2023/01/23 14:19:01,1,-404,-378,246,227,133,283,2,3,635,242,242,68,281,635,227,100,217,956,-119,349,223,517,114,218,0,0
2023/01/23 14:20:01,1,-410,-377,229,219,29,269,7,3,663,203,206,68,284,661,235,113,225,984,-95,371,225,518,217,347,0,0
2023/01/23 14:21:01,1,-416,-377,221,181,0,223,7,3,669,199,199,68,281,669,243,96,232,994,-80,385,230,517,238,323,0,0
2023/01/23 14:22:01,1,-420,-376,175,152,19,215,3,3,646,213,213,68,277,646,246,89,236,1023,-75,391,231,515,112,206,0,0
2023/01/23 14:23:01,1,-422,-376,0,0,0,0,3,3,660,214,214,66,282,660,241,99,236,1058,-74,396,231,514,142,316,0,0
2023/01/23 14:24:01,1,-424,-376,0,0,0,0,3,3,661,214,215,66,280,661,240,91,236,1078,-101,371,233,515,165,306,0,0
2023/01/23 14:25:01,1,-426,-378,0,0,0,0,3,3,658,210,210,64,279,658,242,80,236,1086,-142,333,234,519,127,299,0,0
2023/01/23 14:26:01,1,-425,-376,0,0,0,0,3,3,658,196,196,60,275,658,244,70,238,1087,-185,303,236,529,92,170,0,0
2023/01/23 14:27:01,1,-418,-374,0,0,0,0,0,0,631,229,229,66,273,631,245,70,235,1081,-203,272,236,546,0,4,0,14
2023/01/23 14:28:01,1,-406,-374,0,0,0,0,0,0,620,228,229,69,275,622,243,73,219,1059,-201,261,237,815,0,0,0,28
2023/01/23 14:29:01,1,-395,-372,421,388,383,371,1,3,616,279,279,72,272,616,242,76,196,1033,-194,253,235,947,0,0,0,28
2023/01/23 14:30:01,1,-395,-371,502,494,381,442,7,11,663,205,206,69,280,661,243,105,218,1001,-149,310,236,848,200,204,0,11
2023/01/23 14:31:01,1,-405,-372,442,433,273,452,7,11,671,212,213,69,284,671,243,124,231,1026,-110,355,235,828,285,337,0,0
2023/01/23 14:32:01,1,-416,-375,425,404,146,404,7,11,663,217,218,69,282,663,243,119,237,1064,-89,375,238,853,254,365,0,43
2023/01/23 14:33:01,1,-426,-379,0,0,0,233,7,11,663,210,210,66,280,661,246,105,240,1087,-79,391,240,935,215,329,0,47
2023/01/23 14:34:01,1,-435,-384,0,0,0,0,7,11,663,204,204,63,280,663,248,95,242,1097,-94,388,242,931,186,306,0,50
2023/01/23 14:35:01,1,-443,-389,0,0,0,0,7,11,667,198,198,62,279,669,249,84,244,1110,-153,333,243,885,186,288,100,51
2023/01/23 14:36:01,1,-449,-394,0,0,0,0,3,11,665,201,201,60,280,665,250,74,245,1123,-209,278,244,846,139,292,233,48
2023/01/23 14:37:01,1,-452,-399,0,0,0,0,1,1,658,193,191,62,273,660,250,54,245,1132,-250,236,244,798,56,125,319,54
2023/01/23 14:38:01,1,-450,-403,0,0,0,0,3,1,661,192,192,62,284,661,249,50,246,1121,-264,221,243,614,128,227,210,62
2023/01/23 14:39:01,1,-447,-405,0,0,0,0,1,1,665,195,196,60,273,667,249,35,246,1101,-272,217,242,571,71,17,0,33
2023/01/23 14:40:01,1,-441,-407,0,0,0,0,0,0,626,209,209,61,276,628,249,37,244,1088,-274,211,240,515,0,0,0,30
2023/01/23 14:41:01,1,-435,-407,0,0,0,0,0,0,616,208,208,64,277,618,245,40,232,1061,-269,209,240,378,5,0,0,27
2023/01/23 14:42:01,1,-428,-405,0,0,0,0,0,0,613,208,208,66,278,615,242,42,209,1033,-262,208,237,301,0,1,0,24
2023/01/23 14:43:01,1,-422,-402,0,0,0,0,0,0,605,208,208,68,278,607,239,43,191,1005,-256,208,233,258,0,0,0,20
2023/01/23 14:44:01,1,-415,-399,0,0,0,0,0,1,605,207,208,70,279,605,236,44,174,979,-251,206,230,243,0,14,0,17
2023/01/23 14:45:01,1,-409,-395,0,0,0,0,3,0,646,192,192,53,285,646,236,49,175,950,-250,267,230,235,156,124,0,21
2023/01/23 14:46:01,1,-403,-391,0,0,0,0,0,0,603,147,147,52,276,603,239,26,180,945,-248,272,228,291,0,0,0,124
2023/01/23 14:47:01,1,-398,-386,0,0,0,0,0,0,601,150,150,69,274,603,235,22,173,937,-242,227,228,213,0,0,0,0
2023/01/23 14:48:01,1,-396,-382,44,306,354,10,3,3,611,274,274,64,273,613,232,32,177,913,-223,254,225,199,33,0,0,0
2023/01/23 14:49:01,1,-396,-379,0,254,319,0,3,3,626,204,204,63,281,628,230,24,198,927,-180,304,226,197,101,239,0,9
2023/01/23 14:50:01,1,-400,-379,0,263,296,0,3,3,639,204,204,64,278,641,231,25,214,984,-138,337,227,194,86,208,0,0
2023/01/23 14:51:54,1,-409,-380,0,288,233,0,3,3,650,203,203,64,281,650,238,57,228,1043,-100,376,229,190,88,211,0,0
2023/01/23 14:52:54,1,-413,-382,0,304,135,0,3,3,656,201,201,63,280,656,239,70,230,1063,-88,392,229,189,93,173,0,0
2023/01/23 14:53:54,1,-416,-385,15,319,69,19,3,3,654,201,201,63,281,654,236,77,230,1075,-81,400,230,187,92,207,0,8
2023/01/23 14:54:54,1,-419,-387,23,371,27,10,3,3,652,202,202,63,281,652,236,78,231,1082,-75,405,229,186,94,228,0,0
2023/01/23 14:55:54,1,-421,-390,0,0,0,0,3,3,654,198,198,62,279,654,236,76,231,1086,-72,413,230,189,103,195,0,0
2023/01/23 14:56:54,1,-424,-392,0,0,0,0,4,3,643,228,229,60,281,643,237,78,233,1081,-74,417,229,258,106,159,0,0
2023/01/23 14:57:54,1,-424,-394,0,0,0,0,0,0,618,207,205,66,273,620,237,68,232,1022,-80,387,230,299,0,21,0,0
2023/01/23 14:58:54,1,-420,-395,0,0,0,0,0,1,615,228,228,68,275,615,237,64,213,993,-79,386,232,613,0,0,0,0
2023/01/23 14:59:54,1,-415,-394,0,0,0,0,3,0,631,144,145,55,281,633,237,62,211,974,-86,423,229,610,29,155,0,0
2023/01/23 15:00:54,1,-410,-393,0,0,0,0,0,0,603,147,147,57,276,603,234,47,203,977,-85,418,227,578,0,0,0,12
2023/01/23 15:01:54,1,-405,-391,0,0,0,0,0,0,598,147,147,58,276,598,232,47,191,961,-81,417,226,277,7,0,0,64
2023/01/23 15:02:54,1,-401,-389,0,0,0,0,0,0,596,147,147,60,277,598,230,48,179,940,-78,415,224,216,0,0,0,42
2023/01/23 15:03:54,1,-398,-387,33,50,19,33,0,3,594,157,157,72,274,594,228,49,168,915,-75,376,222,185,0,0,0,146
2023/01/23 15:04:54,1,-399,-385,194,360,227,119,7,3,631,159,179,65,275,631,230,78,184,892,-76,399,220,187,139,60,0,135
2023/01/23 15:05:54,1,-402,-385,79,356,123,0,1,3,622,275,279,66,271,622,229,92,202,915,-76,396,218,310,176,67,0,8
2023/01/23 15:06:54,1,-408,-385,10,392,54,8,3,3,630,204,205,66,282,630,224,93,212,964,-73,399,218,315,123,276,0,0
2023/01/23 15:07:54,1,-415,-386,13,408,0,0,3,3,633,204,205,66,280,633,228,85,219,1020,-71,401,221,317,87,260,0,1
2023/01/23 15:08:54,1,-421,-389,0,0,65,83,3,3,643,202,203,65,281,643,234,82,224,1062,-71,406,226,420,54,271,0,0
2023/01/23 15:09:54,1,-425,-392,0,0,0,0,3,3,656,198,198,63,278,656,240,80,229,1079,-70,412,230,436,63,201,0,0
2023/01/23 15:10:54,1,-428,-394,0,0,0,0,4,3,641,231,250,61,279,641,242,84,233,1082,-81,404,231,480,134,38,0,3
2023/01/23 15:11:54,1,-428,-396,0,0,0,0,0,0,646,188,185,62,279,646,239,88,233,1040,-102,385,229,548,52,128,0,0
2023/01/23 15:12:54,1,-424,-396,0,0,0,0,0,0,611,207,207,67,274,613,235,78,217,1012,-103,362,228,542,0,18,0,0
2023/01/23 15:13:54,1,-417,-395,0,0,0,0,0,1,605,207,207,70,276,607,233,78,197,987,-100,358,227,532,0,0,0,0
2023/01/23 15:14:54,1,-410,-393,0,0,0,0,3,0,626,177,172,54,285,626,233,84,192,958,-105,409,226,564,84,189,0,2
2023/01/23 15:15:54,1,-404,-389,0,0,0,0,0,0,609,134,134,54,276,611,233,63,192,958,-107,405,225,720,0,0,0,0
2023/01/23 15:16:54,1,-397,-386,0,0,19,42,0,0,601,135,135,68,274,603,230,62,185,947,-104,361,225,726,0,0,0,0
2023/01/23 15:17:54,1,-395,-382,344,308,281,308,3,3,596,271,276,66,271,598,229,73,187,928,-102,370,222,737,88,0,0,0
2023/01/23 15:18:54,1,-396,-380,281,202,150,235,2,3,620,232,221,66,280,620,227,90,203,941,-94,378,221,767,84,224,0,0
2023/01/23 15:19:54,1,-401,-379,246,142,33,194,2,3,639,243,243,67,282,639,231,104,219,986,-82,384,226,761,98,283,0,0
2023/01/23 15:20:54,1,-407,-379,215,119,0,138,5,3,665,195,195,67,281,665,240,102,227,1013,-75,392,230,757,179,309,0,0
2023/01/23 15:21:54,1,-413,-380,206,110,29,106,1,3,658,237,238,67,277,658,243,107,234,1033,-71,396,232,750,93,197,0,0
2023/01/23 15:22:54,1,-417,-381,227,110,17,142,1,3,661,243,243,67,282,661,240,118,234,1045,-71,396,232,758,116,303,0,37
2023/01/23 15:23:54,1,-420,-382,0,0,98,175,2,3,656,192,192,66,281,656,239,111,234,1040,-69,403,231,898,124,322,0,102
2023/01/23 15:24:54,1,-423,-384,0,0,0,0,2,3,654,225,225,64,280,654,239,107,234,1033,-69,406,234,922,96,221,0,40
2023/01/23 15:25:54,1,-426,-385,0,0,0,0,2,3,660,225,228,63,277,660,240,109,235,1047,-91,383,233,748,103,180,0,43
2023/01/23 15:26:54,1,-427,-387,0,0,0,0,2,3,658,230,231,61,281,660,240,103,235,1057,-132,355,235,567,104,290,0,0
2023/01/23 15:27:54,1,-426,-389,0,0,0,0,0,0,652,193,194,62,274,652,240,87,235,1058,-157,322,233,572,41,81,0,53
2023/01/23 15:28:54,1,-419,-388,0,0,0,0,0,0,607,194,195,69,273,609,237,75,225,1046,-158,300,233,435,0,0,0,142
2023/01/23 15:29:54,1,-411,-386,0,0,0,0,3,0,624,229,215,57,275,626,236,81,217,1026,-163,338,230,179,33,9,0,31
2023/01/23 15:30:54,1,-403,-383,0,0,0,0,0,0,601,135,135,55,276,601,236,68,214,994,-166,343,230,235,0,30,0,49
2023/01/23 15:31:54,1,-396,-380,13,0,0,4,0,1,598,142,138,75,273,600,232,64,204,973,-162,284,226,249,0,0,0,39
2023/01/23 15:32:54,1,-395,-378,325,317,288,294,7,3,646,252,252,66,270,646,231,88,208,952,-152,320,224,221,427,118,0,0
2023/01/23 15:33:54,1,-397,-375,269,258,188,277,3,3,633,205,206,67,279,633,229,91,217,963,-120,346,223,282,114,219,0,0
2023/01/23 15:34:54,1,-403,-376,248,225,94,242,3,3,643,207,207,68,280,643,232,99,223,1016,-101,366,227,413,122,243,0,20
2023/01/23 15:35:54,1,-410,-377,244,223,52,246,3,3,660,210,211,68,281,660,237,106,229,1059,-84,380,230,658,164,273,0,0
2023/01/23 15:36:54,1,-416,-378,225,200,15,202,3,3,658,213,213,68,281,658,241,104,233,1087,-77,389,232,696,145,299,0,14
2023/01/23 15:37:54,1,-421,-381,0,0,140,273,3,3,656,210,210,67,280,656,238,99,234,1098,-71,396,231,698,146,298,0,21
2023/01/23 15:38:54,1,-426,-383,0,0,0,0,3,3,648,210,210,65,280,648,238,92,234,1100,-73,401,230,836,86,297,0,6
2023/01/23 15:39:54,1,-431,-387,0,0,0,0,3,3,650,206,207,64,279,650,239,84,234,1100,-99,380,232,898,51,260,0,0
2023/01/23 15:40:54,1,-434,-390,0,0,0,0,3,3,652,200,200,63,276,652,240,78,235,1096,-142,340,235,929,37,132,0,63
2023/01/23 15:41:54,1,-435,-393,0,0,0,0,1,3,626,261,261,60,273,628,240,91,237,1088,-182,313,235,497,17,0,0,146
2023/01/23 15:42:54,1,-432,-395,0,0,0,0,0,0,620,146,146,67,273,620,240,82,235,1072,-194,273,233,223,0,0,0,143
2023/01/23 15:43:54,1,-425,-394,0,0,0,0,0,1,615,160,160,69,274,615,239,75,225,1058,-192,268,233,163,0,0,0,90
2023/01/23 15:44:54,1,-418,-392,0,0,0,0,0,0,611,234,234,55,276,611,238,89,224,1031,-200,309,233,141,0,0,0,26
2023/01/23 15:45:54,1,-410,-389,0,0,0,0,0,0,605,232,232,57,276,607,237,93,215,1002,-197,304,229,145,0,0,0,0
2023/01/23 15:46:54,1,-403,-387,0,0,0,0,0,0,603,231,231,59,276,603,235,94,201,977,-191,304,229,165,0,15,0,42
2023/01/23 15:47:54,1,-397,-383,6,19,33,38,0,1,598,234,234,72,273,598,233,95,186,941,-186,265,225,173,0,0,0,42
2023/01/23 15:48:54,1,-395,-380,310,306,277,348,3,3,626,184,176,66,284,626,234,104,193,917,-167,305,223,186,116,276,0,135
2023/01/23 15:49:54,1,-397,-377,271,256,175,273,2,3,633,236,237,68,277,635,228,113,211,947,-131,333,224,366,124,44,0,84
2023/01/23 15:50:54,1,-403,-376,242,213,71,235,2,3,639,243,244,68,285,641,229,132,219,992,-105,360,223,388,97,261,0,73
2023/01/23 15:51:54,1,-409,-377,246,208,15,225,7,3,628,194,194,68,279,628,229,111,222,1005,-86,379,224,494,75,240,0,252
2023/01/23 15:52:54,1,-415,-378,233,213,0,204,3,3,671,202,202,68,282,671,232,109,225,1031,-78,387,224,333,254,227,0,37
2023/01/23 15:53:54,1,-420,-380,233,140,0,146,3,3,641,213,214,68,282,641,233,105,227,1068,-74,391,225,513,138,301,0,89
2023/01/23 15:54:54,1,-424,-382,0,0,0,0,3,3,648,209,210,66,280,648,235,94,229,1084,-72,400,227,593,158,270,0,48
2023/01/23 15:55:54,1,-429,-385,0,0,0,0,3,3,646,207,208,64,280,648,239,86,232,1090,-92,387,230,556,53,249,0,137
2023/01/23 15:56:54,1,-431,-387,0,0,0,0,0,3,656,190,192,63,276,658,241,84,233,1091,-132,351,229,404,87,89,0,59
2023/01/23 15:57:54,1,-432,-389,0,0,0,0,1,3,633,198,205,60,288,633,238,100,232,1061,-171,322,226,304,206,273,0,68
2023/01/23 15:58:54,1,-428,-391,0,0,0,0,0,0,615,186,188,65,273,630,231,82,230,1045,-186,284,227,415,0,14,0,68
2023/01/23 15:59:54,1,-421,-389,0,0,0,0,0,1,594,204,193,70,275,594,229,72,218,1034,-185,278,223,279,0,0,0,179
2023/01/23 16:00:54,1,-412,-387,0,0,0,0,3,0,618,159,154,54,282,618,228,81,214,1012,-192,320,221,160,65,119,0,116
2023/01/23 16:01:54,1,-404,-384,0,0,0,0,0,0,588,118,118,55,276,588,229,64,209,997,-190,318,221,241,0,0,0,117
2023/01/23 16:02:54,1,-396,-380,0,0,0,4,0,1,585,118,119,71,273,586,224,63,201,982,-186,252,218,166,0,0,0,121
2023/01/23 16:03:54,1,-393,-376,92,346,296,294,3,3,631,261,280,66,273,633,222,89,203,952,-171,302,215,130,153,0,0,136
2023/01/23 16:04:54,1,-394,-374,319,263,194,267,3,3,613,211,211,68,276,613,220,95,209,953,-138,332,213,313,122,128,0,168
2023/01/23 16:05:54,1,-400,-373,281,242,104,223,3,3,630,214,215,69,282,630,219,107,212,1005,-106,355,214,361,156,242,0,85
2023/01/23 16:06:54,1,-407,-374,290,229,6,231,3,3,633,217,217,69,282,633,219,109,214,1042,-88,375,214,410,165,290,0,163
2023/01/23 16:07:54,1,-413,-376,277,217,23,229,3,3,641,223,225,69,282,635,221,105,215,1059,-78,385,215,404,219,339,0,0
2023/01/23 16:08:54,1,-419,-378,288,215,17,219,3,3,616,212,212,69,273,616,224,93,219,1066,-72,390,218,426,23,120,0,282
2023/01/23 16:09:54,1,-423,-381,0,0,0,0,3,3,639,208,209,66,281,641,230,112,223,1062,-72,398,221,301,69,214,0,207
2023/01/23 16:10:54,1,-429,-384,0,0,0,0,3,3,639,210,210,65,284,639,230,116,224,1065,-88,384,221,289,70,304,0,253
2023/01/23 16:11:54,1,-433,-387,0,0,0,0,3,3,643,208,208,64,280,643,230,101,225,1070,-127,350,221,298,104,232,0,257
2023/01/23 16:12:54,1,-435,-390,0,0,0,0,3,3,645,199,199,61,279,645,228,88,225,1074,-176,311,222,268,96,213,0,197
2023/01/23 16:13:54,1,-434,-392,0,0,0,0,2,0,598,249,243,61,273,600,226,83,224,1074,-204,286,221,219,31,30,0,242
2023/01/23 16:14:54,1,-429,-394,0,0,0,0,0,0,598,152,153,70,278,598,225,74,220,1054,-205,253,220,174,0,68,0,229
2023/01/23 16:15:54,1,-421,-393,0,0,0,0,0,1,586,239,239,57,278,586,224,80,214,1034,-209,292,217,129,0,30,0,218
2023/01/23 16:16:54,1,-414,-392,0,0,0,0,1,0,600,179,174,57,279,601,223,85,212,1007,-210,293,215,138,6,37,0,164
2023/01/23 16:17:54,1,-407,-389,0,0,0,0,0,0,581,165,165,58,279,583,223,77,203,985,-205,292,215,130,0,39,0,202
2023/01/23 16:18:54,1,-400,-386,88,52,0,35,0,0,581,165,165,60,279,583,220,77,190,962,-201,292,214,116,0,15,0,138
2023/01/23 16:19:54,1,-396,-383,238,267,223,227,0,3,579,249,248,68,275,581,217,80,180,933,-193,268,212,114,0,0,0,200
2023/01/23 16:20:54,1,-396,-379,329,304,250,296,3,3,624,197,205,67,285,624,219,96,193,918,-158,307,209,240,127,273,0,147
2023/01/23 16:21:54,1,-400,-377,273,269,135,246,3,3,615,212,213,68,279,615,215,93,204,966,-119,346,209,344,108,193,0,133
2023/01/23 16:22:54,1,-406,-377,271,269,77,231,3,3,628,214,214,69,282,628,217,103,209,1011,-97,365,209,376,137,262,0,132
2023/01/23 16:23:54,1,-412,-378,263,246,10,225,3,3,635,217,217,69,281,635,219,106,213,1040,-82,380,211,405,184,281,0,144
2023/01/23 16:24:54,1,-418,-379,229,238,10,231,3,3,635,217,218,69,280,635,221,103,215,1054,-76,386,214,409,184,272,0,141
2023/01/23 16:25:54,1,-423,-382,0,0,0,83,3,3,631,214,215,67,280,631,224,100,218,1061,-73,394,217,404,139,272,0,148
2023/01/23 16:26:54,1,-427,-384,0,0,0,0,3,3,639,210,212,66,277,639,226,93,221,1061,-81,390,219,383,120,230,0,136
2023/01/23 16:27:54,1,-431,-387,0,0,0,0,3,3,641,206,206,64,278,641,228,90,222,1061,-119,360,219,359,101,210,0,185
2023/01/23 16:28:54,1,-434,-390,0,0,0,0,3,3,639,199,199,62,279,639,229,88,223,1062,-163,326,220,338,95,211,0,202
2023/01/23 16:29:54,1,-433,-392,0,0,0,0,4,0,609,204,205,60,281,611,228,89,225,1055,-195,299,220,229,92,117,0,187
2023/01/23 16:30:54,1,-427,-393,0,0,0,0,0,0,594,204,204,69,274,596,227,81,211,998,-198,264,220,172,0,0,0,191
2023/01/23 16:31:54,1,-418,-391,0,0,0,0,1,1,624,243,254,61,276,626,226,84,198,965,-197,296,221,129,88,0,0,59
2023/01/23 16:32:54,1,-410,-389,0,0,0,0,0,0,598,174,174,54,276,598,226,65,196,958,-202,310,219,196,1,138,0,49
2023/01/23 16:33:54,1,-402,-385,0,0,0,0,0,0,588,183,183,57,275,588,222,56,177,956,-198,307,218,294,0,0,0,46
2023/01/23 16:34:54,1,-396,-382,21,23,33,50,0,1,586,198,188,77,273,586,221,56,161,936,-193,253,216,238,0,0,0,73
2023/01/23 16:35:54,1,-394,-379,360,342,279,340,7,3,622,171,171,66,289,622,224,78,179,921,-167,301,214,187,282,350,0,49
2023/01/23 16:36:54,1,-396,-375,306,267,138,292,2,3,622,239,239,68,278,622,220,87,198,949,-133,336,215,417,106,147,0,54
2023/01/23 16:37:54,1,-401,-371,292,235,31,242,7,3,669,210,213,69,284,669,225,111,213,989,-104,358,217,497,295,293,0,53
2023/01/23 16:38:54,1,-406,-370,265,215,15,219,7,3,652,202,202,69,283,652,231,100,220,1003,-86,376,220,596,235,340,0,0
2023/01/23 16:39:54,1,-410,-370,271,202,40,217,7,3,660,206,206,69,281,660,238,90,228,1036,-77,385,228,609,253,344,0,19
2023/01/23 16:40:54,1,-413,-370,279,188,27,167,7,3,648,202,204,69,278,648,247,82,236,1073,-72,390,232,710,127,285,0,0
2023/01/23 16:41:54,1,-417,-373,296,200,10,219,3,3,639,198,199,69,275,639,241,86,234,1090,-71,391,228,803,87,100,0,80
2023/01/23 16:42:54,1,-421,-376,0,0,104,288,3,3,645,201,201,67,276,646,232,106,229,1106,-72,395,227,659,108,105,71,134
2023/01/23 16:43:54,1,-425,-380,0,0,0,0,3,3,641,207,207,66,282,641,229,107,227,1113,-78,393,225,498,103,261,135,116
2023/01/23 16:44:54,1,-430,-383,0,0,0,0,3,3,637,206,206,64,282,637,229,84,226,1111,-111,368,222,467,97,293,119,128
2023/01/23 16:45:54,1,-433,-384,0,0,0,0,3,3,646,201,201,63,279,646,229,53,225,1104,-156,326,223,330,132,229,38,77
2023/01/23 16:46:54,1,-432,-385,0,0,0,0,3,0,637,198,196,59,277,639,229,34,225,1098,-190,303,221,269,90,189,0,0
2023/01/23 16:47:54,1,-424,-384,0,0,0,0,0,0,609,201,201,69,273,609,229,22,211,1087,-200,265,221,262,0,3,0,0
2023/01/23 16:48:54,1,-413,-380,0,0,0,0,1,1,601,255,255,60,275,603,228,25,196,1063,-201,289,220,260,0,0,0,40
2023/01/23 16:49:54,1,-401,-376,0,0,0,0,0,0,620,141,141,54,279,620,228,22,196,1038,-206,306,221,264,0,45,0,0
2023/01/23 16:50:54,1,-393,-372,152,131,138,135,0,3,592,168,168,72,272,594,227,10,189,1022,-203,253,221,270,0,0,0,14
2023/01/23 16:51:54,1,-390,-367,335,315,317,292,7,3,628,172,174,66,286,628,228,46,199,998,-170,298,220,436,127,303,0,50
2023/01/23 16:52:54,1,-393,-366,252,252,192,254,2,3,630,240,241,69,280,630,226,72,213,1006,-130,328,222,617,89,176,0,0
2023/01/23 16:53:54,1,-399,-366,183,231,113,223,3,3,650,217,218,69,282,650,231,97,222,1022,-102,359,223,695,117,268,0,52
2023/01/23 16:54:54,1,-405,-367,181,275,63,231,3,3,663,222,223,69,282,663,238,104,229,1043,-85,375,227,782,197,322,0,29
2023/01/23 16:55:54,1,-412,-370,163,248,17,235,3,3,654,224,224,69,280,654,243,101,235,1064,-77,385,233,846,136,337,0,87
2023/01/23 16:56:54,1,-417,-371,160,269,0,229,3,3,667,217,218,69,280,667,240,98,235,1071,-73,389,230,805,185,264,0,70
2023/01/23 16:57:54,1,-421,-373,0,0,106,288,3,3,650,217,218,68,281,650,236,101,233,1075,-71,394,231,810,154,301,0,88
2023/01/23 16:58:54,1,-425,-376,0,0,0,0,3,3,637,215,216,66,281,637,235,98,232,1075,-76,395,231,689,60,322,0,66
2023/01/23 16:59:54,1,-429,-379,0,0,0,0,3,3,656,215,214,65,279,656,236,88,232,1076,-109,370,230,622,141,291,0,14
2023/01/23 17:00:54,1,-431,-381,0,0,0,0,3,3,645,204,205,63,279,645,236,78,232,1075,-155,328,231,703,81,258,0,12
2023/01/23 17:01:54,1,-430,-382,0,0,0,0,3,3,646,195,197,60,277,648,236,71,232,1072,-197,295,230,663,56,220,0,54
2023/01/23 17:02:54,1,-423,-383,0,0,0,0,0,0,607,206,206,66,273,607,235,66,227,1067,-210,262,228,679,0,10,0,50
2023/01/23 17:03:54,1,-414,-383,0,0,0,0,0,1,603,207,206,70,275,605,233,66,207,1044,-207,251,229,366,1,0,0,27
2023/01/23 17:04:54,1,-404,-381,0,0,0,0,3,0,628,173,168,54,283,630,233,75,203,1019,-211,301,226,270,129,117,0,68
2023/01/23 17:05:54,1,-397,-378,21,50,44,58,0,0,596,120,120,67,276,598,234,59,201,1000,-211,264,227,332,0,0,0,121
2023/01/23 17:06:54,1,-394,-376,363,344,329,340,3,3,605,278,277,66,271,605,230,76,203,980,-194,278,224,181,13,0,0,130
2023/01/23 17:07:54,1,-395,-374,317,315,183,231,0,3,601,221,219,67,281,603,231,96,213,969,-155,314,223,314,0,178,0,175
2023/01/23 17:08:54,1,-400,-373,304,281,102,190,3,3,611,218,223,69,288,611,227,117,218,914,-117,343,221,347,89,320,0,112
2023/01/23 17:09:54,1,-406,-374,313,294,56,190,3,3,630,221,221,69,282,630,225,106,220,964,-94,368,219,457,140,313,0,136
2023/01/23 17:10:54,1,-413,-376,302,304,52,185,3,3,633,216,216,69,281,633,227,102,222,1022,-81,380,222,479,121,292,0,78
2023/01/23 17:11:54,1,-419,-378,302,294,0,144,3,3,637,216,216,69,278,637,230,105,225,1048,-75,388,222,417,70,223,0,198
2023/01/23 17:12:54,1,-424,-380,0,0,0,0,3,3,661,219,219,66,286,661,234,111,227,1061,-73,397,225,390,206,387,0,61
2023/01/23 17:13:54,1,-429,-384,0,0,0,0,3,3,645,214,214,66,279,645,233,89,228,1070,-85,386,227,570,128,292,0,38
2023/01/23 17:14:54,1,-433,-388,0,0,0,0,3,3,646,211,212,64,281,646,236,78,230,1072,-127,352,227,585,102,335,0,0
2023/01/23 17:15:54,1,-436,-390,0,0,0,0,3,3,646,205,204,62,276,648,239,69,232,1072,-175,309,230,657,55,262,0,56
2023/01/23 17:16:54,1,-435,-392,0,0,0,0,4,2,611,245,246,59,272,613,237,68,232,1071,-207,289,227,762,0,50,0,86
2023/01/23 17:17:54,1,-429,-394,0,0,0,0,0,0,596,158,159,69,276,596,234,69,226,1017,-212,248,227,429,0,14,0,215
2023/01/23 17:18:54,1,-421,-392,0,0,0,0,0,1,594,231,234,58,277,594,231,75,217,981,-214,281,222,168,0,0,0,140
2023/01/23 17:19:54,1,-412,-388,0,0,0,0,1,0,622,150,161,56,279,624,230,86,216,953,-217,290,223,142,29,29,0,37
2023/01/23 17:20:54,1,-402,-384,0,0,0,0,0,0,626,135,135,57,280,628,232,81,209,943,-212,289,220,162,0,46,0,57
2023/01/23 17:21:54,1,-394,-380,52,54,56,77,0,1,585,153,153,74,276,585,227,81,200,922,-207,234,217,220,0,0,0,97
2023/01/23 17:22:54,1,-393,-378,373,371,496,502,7,11,648,190,194,64,294,648,228,113,207,904,-171,307,216,162,347,354,0,82
2023/01/23 17:23:54,1,-399,-376,310,304,321,452,7,11,616,203,202,66,280,616,218,102,210,951,-131,346,214,457,153,265,0,118
2023/01/23 17:24:54,1,-410,-377,294,310,263,452,7,11,624,201,201,66,281,624,222,108,215,1004,-98,371,215,430,139,262,0,203
2023/01/23 17:25:54,1,-419,-380,288,344,133,402,7,11,643,205,205,67,282,643,226,116,219,1046,-81,386,217,397,218,284,0,160
2023/01/23 17:26:54,1,-428,-383,0,0,0,0,7,11,631,205,205,64,282,631,228,110,222,1075,-75,402,219,430,150,334,0,209
2023/01/23 17:27:54,1,-436,-388,0,0,0,0,7,11,643,197,198,63,280,643,230,90,224,1093,-98,386,220,401,178,302,0,148
2023/01/23 17:28:54,1,-443,-393,0,0,0,0,3,11,635,199,199,61,279,635,231,81,226,1105,-145,336,224,387,89,266,40,172
2023/01/23 17:29:54,1,-448,-397,0,0,0,0,1,2,630,194,192,60,279,631,232,78,227,1109,-201,294,224,348,23,226,100,183
2023/01/23 17:30:54,1,-446,-398,0,0,0,0,3,2,628,193,193,63,283,628,231,79,228,1095,-224,256,223,201,167,195,0,185
2023/01/23 17:31:54,1,-440,-399,0,0,0,0,0,2,596,245,245,60,273,598,230,69,227,1073,-240,248,224,217,0,0,0,105
2023/01/23 17:32:54,1,-432,-400,0,0,0,0,2,0,620,143,141,60,279,620,229,66,226,1052,-245,245,223,222,0,131,0,67
2023/01/23 17:33:54,1,-423,-399,0,0,0,0,0,0,590,150,150,62,275,592,227,48,215,1038,-240,245,221,223,0,17,0,182
2023/01/23 17:34:54,1,-415,-396,0,0,0,0,0,0,588,150,150,63,276,590,225,48,200,1017,-234,246,220,136,0,0,0,160
2023/01/23 17:35:54,1,-407,-393,0,0,0,0,0,0,588,150,150,65,276,588,223,49,186,991,-228,247,217,118,0,0,0,97
2023/01/23 17:36:54,1,-401,-390,0,0,0,0,0,0,586,149,150,66,277,586,222,51,174,962,-222,248,217,121,0,0,0,55
2023/01/23 17:37:54,1,-397,-387,477,377,346,104,0,11,585,219,217,72,273,586,221,54,166,931,-216,231,214,123,0,0,0,40
2023/01/23 17:38:54,1,-399,-385,363,371,492,2,7,11,626,201,202,63,279,626,220,78,193,923,-164,314,214,218,191,250,0,85
2023/01/23 17:39:54,1,-405,-382,356,400,358,0,3,11,620,204,204,65,279,620,221,76,208,989,-120,353,214,531,126,230,0,129
2023/01/23 17:40:54,1,-412,-382,400,454,215,2,3,11,630,203,204,66,276,630,227,93,218,1043,-97,374,217,397,54,129,0,135
2023/01/23 17:41:54,1,-419,-384,417,477,90,6,3,11,656,207,208,66,282,656,231,114,223,1073,-85,388,220,372,180,232,0,178
2023/01/23 17:42:54,1,-426,-387,0,0,0,0,3,11,660,215,214,63,282,658,232,113,227,1093,-80,402,222,424,138,328,0,68
2023/01/23 17:43:54,1,-433,-390,0,0,0,0,3,11,641,213,213,61,280,641,233,83,228,1098,-107,382,226,532,109,310,0,142
2023/01/23 17:44:54,1,-438,-393,0,0,0,0,3,1,626,199,198,61,278,626,237,74,231,1091,-156,338,227,467,0,291,0,158
2023/01/23 17:45:54,1,-438,-395,0,0,0,0,3,1,611,258,258,62,272,611,237,74,233,1080,-188,295,227,189,54,0,0,296
2023/01/23 17:46:54,1,-434,-396,0,0,0,0,0,1,603,174,170,59,276,605,236,76,229,1057,-211,284,224,187,0,19,0,305
2023/01/23 17:47:54,1,-426,-396,0,0,0,0,0,0,590,180,180,63,276,590,230,80,225,1040,-215,267,219,126,0,0,0,62
2023/01/23 17:48:54,1,-418,-395,0,0,0,0,0,0,583,179,179,65,277,583,226,81,216,1019,-211,265,217,135,0,0,0,178
2023/01/23 17:49:54,1,-410,-392,0,0,0,0,0,0,581,177,178,66,277,581,220,82,202,988,-205,265,212,115,0,0,0,240
2023/01/23 17:50:55,1,-403,-389,0,0,0,0,0,0,577,177,177,68,278,579,217,84,191,961,-201,264,210,112,0,0,0,258
2023/01/23 17:51:54,1,-397,-386,190,194,165,71,0,3,575,217,217,75,273,575,214,85,182,915,-195,245,210,111,0,0,0,339
2023/01/23 17:52:54,1,-396,-383,344,333,465,252,7,11,633,216,216,64,283,635,215,108,193,890,-161,316,208,229,328,284,0,218
2023/01/23 17:53:54,1,-403,-382,333,327,333,81,7,11,615,199,199,65,279,616,211,90,202,956,-118,355,209,264,226,247,0,109
2023/01/23 17:54:54,1,-412,-383,360,338,215,31,3,11,678,197,197,65,270,680,218,93,210,1010,-97,378,211,149,116,0,0,186
2023/01/23 17:55:54,1,-419,-381,388,348,115,19,3,11,735,216,216,66,283,735,232,129,221,1065,-85,387,218,120,168,189,0,385
2023/01/23 17:56:54,1,-425,-384,0,0,0,0,3,11,781,220,223,63,282,781,239,133,230,1122,-82,400,227,119,380,276,185,349
2023/01/23 17:57:54,1,-430,-386,0,0,0,0,3,11,783,217,219,61,278,783,249,102,238,1157,-105,377,230,118,235,252,567,344
2023/01/23 17:58:54,1,-434,-389,0,0,0,0,3,2,708,208,209,60,283,708,240,45,237,1173,-161,335,230,115,62,327,719,232
2023/01/23 17:59:54,1,-434,-392,0,0,0,0,0,2,678,206,215,60,277,678,234,-33,234,1171,-195,297,228,119,0,205,717,126
2023/01/23 18:00:54,1,-429,-393,0,0,0,0,3,0,710,170,175,60,278,712,232,-59,234,1147,-208,285,229,120,91,144,477,218
2023/01/23 18:01:54,1,-422,-393,0,0,0,0,0,0,658,159,159,62,274,658,233,-109,226,1128,-206,279,227,119,0,0,281,281
2023/01/23 18:02:54,1,-414,-392,0,0,0,0,0,0,630,164,164,63,275,630,231,-121,207,1103,-202,275,229,116,3,0,0,405
2023/01/23 18:03:54,1,-406,-387,0,0,0,0,0,0,613,165,165,66,276,615,229,-127,184,1073,-196,276,225,108,0,0,0,321
2023/01/23 18:04:54,1,-397,-384,225,208,256,258,0,0,601,166,166,74,275,601,228,-129,164,1042,-191,262,226,105,0,0,0,271
2023/01/23 18:05:54,1,-393,-381,0,0,390,510,7,11,663,289,289,66,276,663,227,-82,172,1009,-175,295,222,107,266,53,0,323
2023/01/23 18:06:54,1,-399,-379,340,302,246,517,7,11,641,204,207,66,280,641,226,-40,200,986,-134,340,222,311,268,271,0,259
2023/01/23 18:07:54,1,-409,-380,338,313,106,475,7,11,641,202,203,67,278,641,224,27,214,1011,-101,366,218,291,224,221,0,424
2023/01/23 18:08:54,1,-419,-382,352,325,0,469,7,11,635,205,206,67,282,635,224,70,217,1038,-84,383,218,264,203,302,0,385
2023/01/23 18:09:54,1,-427,-385,0,0,0,0,7,11,633,202,203,63,282,633,222,80,218,1058,-78,399,218,289,203,342,0,311
2023/01/23 18:10:54,1,-434,-387,0,0,0,0,3,11,620,196,198,62,279,620,221,66,218,1069,-109,379,215,313,128,289,0,234
2023/01/23 18:11:54,1,-438,-391,0,0,0,0,3,11,624,201,201,61,278,626,219,61,217,1073,-160,322,215,289,120,238,0,321
2023/01/23 18:12:54,1,-442,-396,0,0,0,0,0,2,583,213,212,62,274,583,219,60,216,1069,-211,275,213,256,0,92,0,327
2023/01/23 18:13:54,1,-439,-398,0,0,0,0,3,2,605,181,183,62,281,607,217,62,215,1048,-231,253,213,209,52,217,0,215
2023/01/23 18:14:54,1,-433,-399,0,0,0,0,0,0,575,229,229,60,274,577,215,54,214,1030,-243,252,211,149,0,10,0,206
2023/01/23 18:15:54,1,-424,-397,0,0,0,0,0,0,575,227,227,63,276,575,214,58,206,1007,-240,242,210,121,0,0,0,183
2023/01/23 18:16:54,1,-414,-395,0,0,0,0,0,0,573,226,226,64,276,575,214,59,190,984,-234,242,206,116,0,0,0,189
2023/01/23 18:17:54,1,-406,-392,0,0,0,0,0,0,571,225,225,66,276,573,212,61,172,952,-227,243,207,114,0,0,0,180
2023/01/23 18:18:54,1,-399,-389,373,373,373,373,0,0,570,224,224,69,277,571,211,62,156,916,-222,240,204,115,0,0,0,58
2023/01/23 18:19:54,1,-395,-386,52,646,488,131,7,11,663,207,210,64,293,663,215,77,161,864,-203,270,205,116,462,147,0,62
2023/01/23 18:20:54,1,-398,-383,340,575,338,0,7,11,616,202,204,66,282,616,209,69,186,912,-149,320,204,217,250,312,0,0
2023/01/23 18:21:54,1,-406,-380,354,563,192,0,7,11,624,204,204,66,279,624,218,78,204,987,-107,363,210,615,198,259,0,59
2023/01/23 18:22:54,1,-413,-380,427,275,100,0,7,11,637,200,201,66,279,637,227,90,216,1025,-89,380,216,620,158,217,0,64
2023/01/23 18:23:54,1,-419,-383,515,0,96,0,7,11,654,200,200,66,282,654,234,101,224,1057,-81,391,221,586,206,279,0,75
2023/01/23 18:24:54,1,-427,-386,0,0,0,0,7,11,658,198,201,63,280,658,240,92,231,1083,-80,401,227,636,200,300,0,66
2023/01/23 18:25:54,1,-433,-389,0,0,0,0,3,11,650,198,198,60,274,650,244,78,237,1097,-118,373,232,453,75,144,0,117
2023/01/23 18:26:54,1,-437,-392,0,0,0,0,0,2,613,232,232,63,273,615,245,85,237,1097,-170,317,229,408,0,77,0,121
2023/01/23 18:27:54,1,-435,-396,0,0,0,0,1,2,631,178,177,62,281,631,237,88,234,1078,-200,286,226,315,75,183,0,70
2023/01/23 18:28:54,1,-431,-397,0,0,0,0,1,2,600,245,248,60,274,600,231,81,232,1061,-217,277,224,286,15,18,0,24
2023/01/23 18:29:54,1,-424,-397,0,0,0,0,0,0,616,134,135,62,278,618,230,70,228,1039,-222,263,222,296,10,48,0,52
2023/01/23 18:30:54,1,-416,-396,0,0,0,0,0,0,598,141,141,63,276,598,227,58,217,1027,-217,262,220,315,5,0,0,53
2023/01/23 18:31:54,1,-408,-394,0,0,0,0,0,0,590,141,141,65,277,592,224,58,203,1000,-212,263,219,280,0,19,0,0
2023/01/23 18:32:54,1,-403,-392,0,0,0,0,0,0,585,141,141,66,277,585,223,59,191,979,-208,263,217,271,0,0,0,22
2023/01/23 18:33:54,1,-398,-389,0,0,92,117,0,1,583,147,147,75,274,585,221,60,178,946,-203,238,213,248,0,0,0,0
2023/01/23 18:34:54,1,-397,-387,373,373,508,525,7,11,669,201,218,63,293,663,226,91,188,921,-179,303,211,242,549,270,0,14
2023/01/23 18:35:54,1,-404,-386,48,69,367,383,3,11,624,202,203,65,280,624,217,79,203,961,-130,341,212,456,148,238,0,9
2023/01/23 18:36:54,1,-414,-387,0,0,323,398,3,11,630,205,206,64,280,631,223,89,213,1016,-105,371,217,673,134,236,0,58
2023/01/23 18:37:54,1,-423,-389,0,0,298,419,3,11,645,204,204,63,278,645,230,96,221,1057,-88,392,220,559,107,196,0,80
2023/01/23 18:38:54,1,-430,-391,0,0,0,0,3,11,654,202,202,60,280,654,234,102,226,1074,-83,408,224,457,118,226,0,87
2023/01/23 18:39:54,1,-434,-393,0,0,0,0,3,2,648,195,195,63,276,648,237,88,229,1086,-107,376,228,524,73,182,0,58
2023/01/23 18:40:54,1,-432,-396,0,0,0,0,4,2,643,228,229,63,281,643,237,82,232,1080,-130,347,228,554,93,213,0,0
2023/01/23 18:41:54,1,-428,-396,0,0,0,0,4,2,635,204,203,60,276,637,238,76,232,1038,-161,330,228,527,0,133,0,33
2023/01/23 18:42:54,1,-420,-395,0,0,0,0,0,0,592,195,195,60,276,592,235,66,227,1026,-169,321,225,573,0,19,0,49
2023/01/23 18:43:54,1,-410,-392,0,0,0,0,0,0,586,195,195,63,276,588,227,67,208,1001,-166,316,221,295,0,0,0,112
2023/01/23 18:44:54,1,-401,-389,0,0,0,0,0,0,585,194,194,65,277,586,223,68,192,978,-162,313,218,188,0,0,0,97
2023/01/23 18:45:54,1,-396,-386,204,244,292,250,1,3,583,276,275,68,273,585,220,72,182,949,-158,307,215,155,0,0,0,109
2023/01/23 18:46:54,1,-397,-384,273,315,452,373,2,19,607,206,206,64,281,609,223,93,196,936,-135,343,216,280,35,183,0,95
2023/01/23 18:47:54,1,-404,-383,192,223,308,277,7,19,663,208,210,65,283,663,220,114,209,969,-108,369,216,395,305,280,0,94
2023/01/23 18:48:54,1,-413,-384,146,196,240,223,7,19,635,201,202,65,282,635,222,107,214,1008,-88,387,217,507,193,287,0,93
2023/01/23 18:49:54,1,-421,-385,0,0,167,221,7,19,643,200,199,64,279,643,227,101,220,1047,-77,399,219,512,193,241,0,53
2023/01/23 18:50:54,1,-427,-385,0,0,0,0,3,19,641,195,195,62,282,641,231,95,224,1077,-76,409,223,559,130,313,0,97
2023/01/23 18:51:54,1,-432,-388,0,0,0,0,3,19,652,202,204,60,281,654,236,84,229,1096,-111,379,226,537,170,301,0,42
2023/01/23 18:52:54,1,-435,-391,0,0,0,0,0,2,641,192,189,62,276,641,238,75,232,1105,-159,328,228,584,47,199,40,96
2023/01/23 18:53:54,1,-433,-391,0,0,0,0,3,2,643,188,188,61,281,645,240,78,235,1095,-191,296,232,337,121,138,0,91
2023/01/23 18:54:54,1,-427,-393,0,0,0,0,0,0,586,210,210,59,274,588,238,73,234,1074,-210,285,226,350,1,0,0,88
2023/01/23 18:55:54,1,-418,-390,0,0,0,0,0,0,586,208,209,62,276,586,225,76,229,1051,-210,275,221,228,0,0,0,93
2023/01/23 18:56:54,1,-407,-388,0,0,0,0,0,0,585,207,207,64,276,586,221,78,212,1026,-205,272,219,176,0,0,0,79
2023/01/23 18:57:54,1,-399,-387,371,373,369,373,0,0,583,207,207,66,276,583,219,79,196,996,-200,261,217,156,0,0,0,63
2023/01/23 18:58:54,1,-395,-381,106,296,517,619,7,19,680,240,219,63,278,680,221,95,193,963,-181,298,212,148,526,104,0,62
2023/01/23 18:59:54,1,-397,-380,310,285,271,463,7,19,624,195,196,66,279,626,217,89,203,975,-141,336,212,351,227,234,0,15
2023/01/23 19:00:54,1,-407,-379,298,273,144,408,7,19,637,204,205,66,282,637,222,98,213,1026,-106,366,214,589,247,300,0,0
2023/01/23 19:01:54,1,-415,-378,304,275,23,385,7,19,641,209,210,66,280,641,231,99,222,1071,-85,385,220,766,208,304,0,67
2023/01/23 19:02:54,1,-422,-382,0,0,135,427,7,19,654,204,204,66,279,654,239,98,230,1092,-77,395,226,764,175,268,0,91
2023/01/23 19:03:54,1,-429,-385,0,0,0,0,7,19,660,199,200,63,280,660,246,99,237,1110,-78,401,231,695,160,298,127,42
2023/01/23 19:04:54,1,-436,-389,0,0,0,0,3,19,648,198,200,61,279,648,241,83,236,1126,-117,365,228,678,92,260,260,64
2023/01/23 19:05:54,1,-440,-391,0,0,0,0,3,2,631,195,196,60,279,631,232,65,232,1131,-174,321,228,691,40,241,308,49
2023/01/23 19:06:54,1,-438,-393,0,0,0,0,3,2,650,201,204,63,279,652,230,56,231,1118,-206,276,224,539,196,78,200,62
2023/01/23 19:07:54,1,-431,-396,0,0,0,0,0,2,596,233,233,59,273,598,229,41,228,1091,-223,271,224,484,0,11,0,64
2023/01/23 19:08:54,1,-423,-394,0,0,0,0,0,0,596,238,238,62,275,596,227,43,224,1067,-225,260,224,380,0,0,0,0
2023/01/23 19:09:54,1,-413,-390,0,0,0,0,0,0,590,237,237,64,276,592,227,45,203,1043,-220,257,220,338,0,0,0,0
2023/01/23 19:10:54,1,-403,-387,0,0,0,0,0,0,590,237,237,66,276,590,226,46,183,1015,-214,255,218,293,0,0,0,0
2023/01/23 19:11:54,1,-396,-385,104,113,115,0,1,3,586,258,244,76,273,586,224,48,163,984,-210,230,218,282,0,0,0,0
2023/01/23 19:12:54,1,-395,-382,504,506,394,0,11,19,633,199,197,65,281,633,223,30,184,944,-170,302,214,336,216,220,0,59
2023/01/23 19:13:54,1,-402,-383,452,469,290,0,3,19,639,224,225,66,284,639,223,45,206,947,-123,343,218,569,223,304,0,0
2023/01/23 19:14:54,1,-412,-385,452,452,154,0,3,19,652,228,228,66,283,652,232,75,220,1020,-94,375,220,583,272,366,0,0
2023/01/23 19:15:54,1,-422,-387,0,0,85,23,3,19,660,228,228,64,282,660,243,81,231,1047,-80,397,228,581,266,395,0,41
2023/01/23 19:16:54,1,-430,-389,0,0,0,0,3,19,650,219,218,62,277,648,251,74,239,1057,-82,405,231,603,116,308,0,0
2023/01/23 19:17:54,1,-435,-391,0,0,0,0,3,19,658,208,210,61,279,658,245,77,238,1058,-120,364,233,614,108,252,0,0
2023/01/23 19:18:54,1,-437,-392,0,0,0,0,3,3,654,213,212,59,281,654,241,84,237,1061,-173,316,233,764,94,284,0,8
2023/01/23 19:19:54,1,-436,-396,0,0,0,0,0,0,628,219,225,59,275,630,241,74,236,1064,-215,281,234,934,0,76,0,14
2023/01/23 19:20:54,1,-431,-397,0,0,0,0,0,0,616,234,234,69,273,618,239,76,226,1054,-220,238,233,939,0,0,0,33
2023/01/23 19:21:54,1,-425,-398,0,0,0,0,3,3,648,191,192,55,283,648,238,83,213,1031,-226,289,231,944,113,197,0,0
2023/01/23 19:22:54,1,-418,-396,0,0,0,0,0,0,607,180,180,49,274,609,237,70,211,1011,-235,297,231,857,0,0,0,20
2023/01/23 19:23:54,1,-410,-394,0,0,0,0,0,0,603,180,180,51,276,603,235,69,194,991,-229,297,230,371,0,18,0,68
2023/01/23 19:24:54,1,-403,-391,0,0,0,0,0,0,600,180,180,53,276,600,233,70,178,966,-223,294,228,198,0,0,0,124
2023/01/23 19:25:54,1,-397,-387,0,0,0,0,0,0,596,179,180,69,273,596,231,71,164,942,-218,251,226,154,0,0,0,70
2023/01/23 19:26:54,1,-395,-384,52,65,321,281,3,3,603,264,264,64,272,603,228,83,168,911,-205,272,221,138,9,0,0,71
2023/01/23 19:27:54,1,-396,-382,8,0,308,271,0,3,596,229,228,63,273,598,230,89,192,888,-166,313,221,325,0,21,0,51
2023/01/23 19:28:54,1,-400,-380,0,10,242,194,3,3,620,213,214,64,283,622,225,105,207,898,-135,344,220,347,119,238,0,48
2023/01/23 19:29:54,1,-403,-379,2,8,238,242,3,3,631,201,202,64,279,631,225,92,214,968,-112,367,219,525,97,169,0,5
2023/01/23 19:30:54,1,-406,-380,0,0,213,231,3,3,643,201,201,64,278,645,228,93,219,1003,-96,380,223,565,107,133,0,0
2023/01/23 19:31:54,1,-409,-380,2,0,183,223,3,3,646,200,201,63,278,648,230,96,222,1030,-86,395,225,604,73,124,0,58
2023/01/23 19:32:54,1,-410,-381,8,0,140,290,3,3,645,201,201,64,278,646,233,97,226,1049,-79,398,225,607,75,137,0,104
2023/01/23 19:33:54,1,-411,-381,0,8,135,304,3,3,650,200,201,64,282,652,235,101,228,1064,-76,401,227,492,86,171,0,5
2023/01/23 19:34:54,1,-412,-382,8,6,94,333,3,3,656,206,206,64,284,656,237,103,230,1074,-73,404,230,516,112,269,0,0
2023/01/23 19:35:54,1,-414,-383,13,0,90,342,3,3,646,204,205,64,279,648,237,95,231,1084,-69,408,229,588,98,170,0,52
2023/01/23 19:36:54,1,-416,-384,6,2,69,408,3,3,648,201,202,64,278,650,235,94,231,1090,-68,409,226,690,63,154,0,94
2023/01/23 19:37:54,1,-418,-385,0,17,58,388,3,3,654,201,201,64,282,656,233,98,229,1094,-70,407,227,481,122,181,0,0
2023/01/23 19:38:54,1,-419,-387,10,13,83,379,3,3,645,208,208,64,280,645,231,96,229,1096,-70,407,224,466,94,188,0,51
2023/01/23 19:39:54,1,-420,-388,0,0,0,35,3,3,645,197,197,63,279,646,231,89,228,1097,-69,411,224,666,95,146,0,53
2023/01/23 19:40:54,1,-420,-389,0,0,0,0,8,3,626,229,226,61,281,626,230,95,227,1088,-70,417,224,569,91,126,0,54
2023/01/23 19:41:54,1,-419,-390,0,0,0,0,0,0,622,185,185,63,278,622,230,89,227,940,-82,400,222,474,0,138,0,51
2023/01/23 19:42:54,1,-413,-390,0,0,0,0,0,1,592,204,205,70,275,594,228,81,211,874,-82,376,221,396,0,0,0,50
2023/01/23 19:43:54,1,-406,-389,0,0,0,0,3,1,630,173,168,55,284,630,227,86,205,846,-89,421,221,262,138,140,0,58
2023/01/23 19:44:54,1,-399,-386,373,373,373,373,0,0,586,138,138,56,276,586,227,67,201,885,-90,419,219,319,0,0,0,71
2023/01/23 19:45:54,1,-396,-384,285,267,306,127,0,3,583,226,226,66,273,585,223,68,194,891,-88,384,217,232,0,0,0,64
2023/01/23 19:46:54,1,-396,-383,258,233,300,17,2,3,622,176,181,65,282,622,222,90,203,897,-85,390,214,223,175,269,0,57
2023/01/23 19:47:54,1,-399,-382,177,154,242,8,17,3,628,203,201,66,282,628,218,96,210,873,-79,393,215,407,157,246,0,62
2023/01/23 19:48:54,1,-404,-382,148,117,163,0,1,3,620,193,193,66,275,620,219,95,213,827,-74,398,216,391,11,79,0,126
2023/01/23 19:49:54,1,-408,-382,140,108,115,19,1,3,628,228,227,66,282,630,223,114,216,897,-72,400,215,329,52,171,0,80
2023/01/23 19:50:54,1,-411,-383,163,123,71,15,1,3,637,236,236,66,283,639,223,120,218,976,-71,401,215,372,86,256,0,125
2023/01/23 19:51:54,1,-415,-385,173,131,27,0,1,3,628,235,236,65,282,630,223,113,218,1024,-69,406,215,397,64,283,0,125
2023/01/23 19:52:54,1,-418,-386,177,140,27,25,1,3,630,233,234,65,282,630,222,107,218,1030,-68,407,217,383,44,294,0,127
2023/01/23 19:53:54,1,-419,-388,225,138,21,19,1,3,628,232,232,64,279,628,222,103,218,1027,-67,410,216,397,46,234,0,118
2023/01/23 19:54:54,1,-421,-389,0,0,0,0,1,3,631,227,227,63,280,631,222,101,218,1023,-66,414,217,380,62,273,0,62
2023/01/23 19:55:54,1,-423,-390,0,0,0,0,1,3,650,227,227,62,280,652,223,95,218,1020,-76,410,216,430,165,237,0,0
2023/01/23 19:56:54,1,-423,-392,0,0,0,0,1,0,637,222,221,59,279,637,223,82,219,1017,-101,396,217,445,82,253,0,0
2023/01/23 19:57:54,1,-420,-392,0,0,0,0,0,0,613,192,192,68,272,613,225,62,217,1009,-108,354,220,446,0,0,0,0
2023/01/23 19:58:54,1,-414,-391,0,0,0,0,1,3,601,262,263,59,274,603,225,63,206,992,-110,381,219,444,0,0,0,0
2023/01/23 19:59:54,1,-408,-389,0,0,0,0,0,0,622,159,160,48,279,622,227,63,207,964,-125,410,222,443,27,148,0,0
2023/01/23 20:00:54,1,-401,-387,0,0,0,0,0,0,603,175,176,50,275,603,227,49,194,942,-123,406,221,441,0,6,0,0
2023/01/23 20:01:54,1,-396,-385,38,40,42,35,0,3,596,183,184,73,273,598,226,49,181,921,-119,329,223,439,0,13,0,1
2023/01/23 20:02:54,1,-396,-382,277,256,225,231,11,3,626,167,167,65,282,626,228,74,192,897,-113,361,221,452,161,219,0,69
2023/01/23 20:03:54,1,-397,-382,231,198,119,183,17,3,631,242,232,66,272,631,227,92,210,882,-100,369,224,659,139,32,0,0
2023/01/23 20:04:54,1,-403,-381,219,188,17,146,17,3,648,195,195,66,276,648,231,110,219,843,-87,383,224,428,139,60,0,0
2023/01/23 20:05:54,1,-408,-381,221,152,19,102,1,3,650,235,236,67,281,652,234,124,226,883,-80,388,227,431,126,206,0,21
2023/01/23 20:06:54,1,-413,-382,215,160,15,108,11,3,661,201,206,67,284,661,237,122,230,971,-74,393,227,513,255,338,0,69
2023/01/23 20:07:54,1,-418,-384,206,142,0,108,3,3,637,213,213,66,279,639,240,98,233,968,-69,401,228,660,47,195,0,61
2023/01/23 20:08:54,1,-421,-386,0,0,302,308,3,3,656,205,205,66,277,656,239,99,231,1007,-68,404,226,582,120,122,0,65
2023/01/23 20:09:54,1,-426,-390,0,0,0,0,3,3,633,211,211,63,282,633,228,101,226,1042,-76,402,222,505,90,312,0,60
2023/01/23 20:10:54,1,-431,-393,0,0,0,0,3,3,646,201,202,63,280,646,226,88,224,1058,-106,376,222,653,152,225,0,0
2023/01/23 20:11:54,1,-434,-397,0,0,0,0,3,3,639,194,194,60,279,639,226,78,223,1067,-143,347,220,656,109,208,0,0
2023/01/23 20:12:54,1,-433,-400,0,0,0,0,2,0,615,198,199,66,279,615,225,76,221,1066,-162,313,220,654,71,109,0,0
2023/01/23 20:13:54,1,-429,-401,0,0,0,0,0,3,598,189,198,66,274,598,225,60,212,1052,-162,313,218,650,0,0,0,65
2023/01/23 20:14:54,1,-424,-402,0,0,0,0,3,0,616,143,153,48,280,618,225,73,213,1026,-179,355,218,656,47,150,0,67
2023/01/23 20:15:54,1,-419,-402,0,0,0,0,0,0,585,122,121,49,279,586,224,58,208,1014,-179,354,215,516,0,68,0,74
2023/01/23 20:16:54,1,-414,-401,0,0,0,0,0,0,581,123,123,51,279,581,222,58,195,994,-173,353,214,315,0,48,0,71
2023/01/23 20:17:54,1,-409,-398,0,0,0,0,0,0,579,123,123,52,279,579,220,59,186,968,-168,352,214,217,0,27,0,61
2023/01/23 20:18:54,1,-402,-393,0,0,0,0,0,0,577,123,123,53,279,577,218,61,176,943,-164,353,209,185,0,8,0,59
2023/01/23 20:19:54,1,-395,-389,50,29,56,69,0,3,573,135,135,72,276,575,215,63,167,910,-160,286,209,174,0,0,0,0
2023/01/23 20:20:54,1,-393,-385,277,265,244,294,11,3,650,177,237,66,284,650,218,93,180,861,-148,327,205,173,396,69,0,0
2023/01/23 20:21:54,1,-394,-382,225,213,152,208,2,3,609,237,237,67,279,611,212,96,194,888,-121,350,207,172,109,178,0,0
2023/01/23 20:22:54,1,-398,-379,204,179,69,185,2,3,622,242,242,68,279,620,215,111,205,953,-99,368,210,306,98,177,0,50
2023/01/23 20:23:54,1,-403,-378,198,158,2,169,11,3,656,220,222,68,284,656,221,122,213,995,-84,380,212,588,243,323,0,60
