Time,MTìfèoà≥óÕ,LTìfèoà≥óÕ,MTìfèoâ∑ìx,â∑êÖéÊèoâ∑ìx,â∑êÖó¨ó 
2023-02-01 08:27:00,   6.22,   2.10,  98.7,  68.1,   5.6
2023-02-01 08:28:00,   6.28,   2.13,  99.5,  57.1,   6.4
2023-02-01 08:29:00,   6.35,   2.18, 100.6,  55.8,   5.1
2023-02-01 08:30:00,   6.31,   2.19, 101.4,  59.2,   6.4
2023-02-01 08:31:00,   6.26,   2.19, 101.6,  60.8,   7.1
2023-02-01 08:32:00,   6.24,   2.16, 101.6,  59.6,   4.7
2023-02-01 08:33:00,   6.26,   2.15, 101.6,  63.6,   4.7
2023-02-01 08:34:00,   6.28,   2.15, 101.6,  64.8,   3.1
2023-02-01 08:35:00,   6.35,   2.14, 101.8,  66.3,   0.0
2023-02-01 08:36:00,   6.35,   2.16, 102.3,  67.3,   0.0
2023-02-01 08:37:00,   6.31,   2.15, 102.5,  67.3,   0.0
2023-02-01 08:38:00,   6.28,   2.11, 102.3,  67.1,   0.1
2023-02-01 08:39:00,   6.31,   2.00, 102.0,  67.2,   0.0
2023-02-01 08:40:00,   6.24,   2.23, 100.9,  68.1,   2.8
2023-02-01 08:41:00,   5.94,   1.94,  94.1,  88.8,   6.3
2023-02-01 08:42:00,   5.92,   1.94,  90.9,  55.7,   6.4
2023-02-01 08:43:00,   6.24,   2.91,  87.7,  26.0,   3.6
2023-02-01 08:44:00,   6.37,   2.05,  88.9,  22.3,   0.0
2023-02-01 08:45:00,   6.45,   2.13,  95.9,  21.8,   0.7
2023-02-01 08:46:00,   6.46,   2.17, 100.4,  25.8,   0.0
2023-02-01 08:47:00,   6.45,   2.15, 103.0,  41.8,   0.3
2023-02-01 08:48:00,   6.46,   2.10, 104.3,  69.9,   0.0
2023-02-01 08:49:00,   6.50,   2.05, 105.2,  81.1,   0.8
2023-02-01 08:50:00,   6.54,   2.00, 106.3,  88.4,   0.9
2023-02-01 08:51:00,   6.43,   1.98, 107.6,  92.0,   0.0
2023-02-01 08:52:00,   6.22,   2.37, 107.1,  91.3,   0.0
2023-02-01 08:53:00,   6.43,   1.62, 104.3,  90.2,   0.0
2023-02-01 08:54:00,   6.18,   2.37, 102.3,  89.3,   1.5
2023-02-01 08:55:00,   6.48,   1.73, 100.4,  93.7,   0.2
2023-02-01 08:56:00,   6.63,   1.95,  96.7,  94.3,   0.8
2023-02-01 08:57:00,   6.63,   2.10,  98.2,  94.5,   0.6
2023-02-01 08:58:00,   6.75,   2.30, 104.6,  93.6,   3.7
2023-02-01 08:59:00,   6.75,   2.34, 107.1,  97.2,   4.3
2023-02-01 09:00:00,   6.75,   2.41, 107.2,  98.2,   5.2
2023-02-01 09:01:00,   6.69,   2.38, 106.1,  94.2,   5.2
2023-02-01 09:02:00,   6.65,   2.28, 105.3,  87.6,   1.8
2023-02-01 09:03:00,   6.73,   2.28, 105.0,  84.9,   0.0
2023-02-01 09:04:00,   6.60,   2.05, 105.0,  84.0,   0.0
2023-02-01 09:05:00,   6.50,   1.89, 104.8,  88.7,   4.7
2023-02-01 09:06:00,   6.61,   1.88, 103.6,  93.7,   0.0
2023-02-01 09:07:00,   6.41,   2.07, 102.3,  93.2,   0.0
2023-02-01 09:08:00,   6.35,   2.21, 100.9,  92.6,   0.0
2023-02-01 09:09:00,   6.30,   2.19,  98.2,  91.6,   0.3
2023-02-01 09:10:00,   6.26,   2.19,  95.5,  85.9,   3.1
2023-02-01 09:11:00,   6.24,   2.25,  92.7,  73.1,   0.5
2023-02-01 09:12:00,   6.52,   2.00,  90.3,  70.6,   0.2
2023-02-01 09:13:00,   6.56,   2.03,  95.5,  66.2,   5.8
2023-02-01 09:14:00,   6.56,   2.04, 102.2,  77.1,   6.5
2023-02-01 09:15:00,   6.71,   2.06, 107.0,  69.6,   5.2
2023-02-01 09:16:00,   6.65,   2.06, 109.2,  69.0,   4.8
2023-02-01 09:17:00,   6.60,   1.97, 109.8,  68.7,   5.3
2023-02-01 09:18:00,   6.50,   2.22, 107.7,  51.9,   5.8
2023-02-01 09:19:00,   6.20,   2.09, 102.4,  44.4,   4.9
2023-02-01 09:20:00,   6.18,   2.38,  98.6,  29.0,   4.8
2023-02-01 09:21:00,   6.65,   2.16,  96.9,  23.1,   2.3
2023-02-01 09:22:00,   6.61,   2.05, 101.2,  37.5,   4.0
2023-02-01 09:23:00,   6.67,   2.08, 105.2,  74.3,   4.3
2023-02-01 09:24:00,   6.63,   2.08, 108.4,  85.3,   5.2
2023-02-01 09:25:00,   6.69,   2.10, 109.9,  82.8,   3.3
2023-02-01 09:26:00,   6.73,   2.15, 111.1,  84.3,   0.0
2023-02-01 09:27:00,   6.75,   2.21, 111.9,  84.9,   0.0
2023-02-01 09:28:00,   6.71,   2.16, 111.6,  84.4,   0.0
2023-02-01 09:29:00,   6.69,   2.05, 111.3,  83.9,   0.2
2023-02-01 09:30:00,   6.71,   1.97, 111.6,  85.1,   3.6
2023-02-01 09:31:00,   6.76,   1.99, 112.0, 100.8,   4.1
2023-02-01 09:32:00,   6.75,   2.13, 111.9, 100.3,   4.9
2023-02-01 09:33:00,   6.46,   2.19, 110.8,  92.9,   3.6
2023-02-01 09:34:00,   6.16,   2.19, 108.5,  88.4,   0.8
2023-02-01 09:35:00,   6.07,   2.18, 105.5,  87.3,   0.5
2023-02-01 09:36:00,   6.09,   2.14, 103.7,  88.4,   0.3
2023-02-01 09:37:00,   6.13,   2.13, 102.4,  90.4,   0.3
2023-02-01 09:38:00,   6.11,   2.12, 101.9,  93.2,   4.7
2023-02-01 09:39:00,   6.24,   2.10, 101.8,  94.8,   5.0
2023-02-01 09:40:00,   6.26,   2.13, 102.0,  79.8,   4.7
2023-02-01 09:41:00,   6.37,   2.17, 102.4,  70.0,   4.3
2023-02-01 09:42:00,   6.28,   2.19, 102.7,  69.5,   5.0
2023-02-01 09:43:00,   6.30,   2.19, 102.6,  67.9,   4.9
2023-02-01 09:44:00,   6.26,   2.17, 102.4,  66.7,   4.9
2023-02-01 09:45:00,   6.26,   2.17, 102.2,  66.2,   5.1
2023-02-01 09:46:00,   6.31,   2.17, 102.2,  64.9,   4.7
2023-02-01 09:47:00,   6.37,   2.19, 102.2,  66.3,   4.4
2023-02-01 09:48:00,   6.31,   2.16, 102.4,  68.7,   4.5
2023-02-01 09:49:00,   6.26,   2.13, 102.4,  69.4,   4.2
2023-02-01 09:50:00,   5.94,   2.58, 101.8,  68.3,   3.0
2023-02-01 09:51:00,   6.03,   1.54, 100.1,  56.9,   2.6
2023-02-01 09:52:00,   5.86,   1.99,  98.7,  55.0,   2.7
2023-02-01 09:53:00,   6.26,   2.02,  94.7,  40.1,   2.0
2023-02-01 09:54:00,   6.30,   2.18,  93.3,  50.4,   0.8
2023-02-01 09:55:00,   6.45,   2.25,  98.6,  63.8,   0.0
2023-02-01 09:56:00,   6.46,   2.31, 101.8,  66.5,   0.0
2023-02-01 09:57:00,   6.46,   2.31, 102.5,  66.0,   0.0
2023-02-01 09:58:00,   6.48,   2.31, 102.3,  66.2,   0.0
2023-02-01 09:59:00,   6.52,   2.31, 102.1,  67.3,   0.0
2023-02-01 10:00:00,   6.56,   2.27, 102.1,  71.5,   0.2
2023-02-01 10:01:00,   6.56,   2.22, 102.4,  81.1,   2.1
2023-02-01 10:02:00,   6.56,   2.13, 102.6,  94.5,   0.7
2023-02-01 10:03:00,   6.50,   1.99, 103.0,  95.8,   0.0
2023-02-01 10:04:00,   6.48,   2.45, 103.0,  95.8,   1.6
2023-02-01 10:05:00,   6.33,   1.47, 101.9,  95.7,   0.4
2023-02-01 10:06:00,   6.20,   2.19, 100.4,  94.9,   1.8
2023-02-01 10:07:00,   6.60,   2.07,  96.9,  92.2,   0.0
2023-02-01 10:08:00,   6.63,   2.06,  95.0,  88.2,   3.7
2023-02-01 10:09:00,   6.75,   2.12,  98.2,  87.9,   0.0
2023-02-01 10:10:00,   6.73,   2.18, 102.0,  90.1,   0.0
2023-02-01 10:11:00,   6.71,   2.19, 104.2,  92.6,   0.0
2023-02-01 10:12:00,   6.76,   2.19, 105.5,  95.6,   4.1
2023-02-01 10:13:00,   6.71,   2.13, 106.5,  98.2,   4.7
2023-02-01 10:14:00,   6.88,   2.09, 107.1,  92.9,   0.0
2023-02-01 10:15:00,   6.67,   2.12, 108.3,  89.6,   4.7
2023-02-01 10:16:00,   6.46,   1.98, 108.6,  93.3,   5.8
2023-02-01 10:17:00,   6.26,   1.96, 108.8,  95.7,   4.8
2023-02-01 10:18:00,   5.70,   2.50, 108.1,  86.7,   5.1
2023-02-01 10:19:00,   5.58,   1.61, 105.3,  55.8,   2.9
2023-02-01 10:20:00,   5.56,   1.74, 103.5,  40.8,   3.1
2023-02-01 10:21:00,   5.96,   1.82, 100.5,  27.7,   2.4
2023-02-01 10:22:00,   6.01,   2.01,  99.6,  40.7,   2.5
2023-02-01 10:23:00,   6.09,   2.09, 102.8,  69.1,   2.2
2023-02-01 10:24:00,   6.15,   2.17, 105.0,  81.5,   1.3
2023-02-01 10:25:00,   6.16,   2.22, 104.9,  82.0,   0.0
2023-02-01 10:26:00,   6.16,   2.22, 104.1,  83.4,   0.0
2023-02-01 10:27:00,   6.22,   2.23, 103.3,  84.0,   4.8
2023-02-01 10:28:00,   6.24,   2.20, 102.7,  95.3,   0.5
2023-02-01 10:29:00,   6.31,   2.19, 102.6,  96.0,   0.0
2023-02-01 10:30:00,   6.35,   2.17, 102.9,  95.4,   0.9
2023-02-01 10:31:00,   6.18,   2.07, 103.1,  96.4,   0.0
2023-02-01 10:32:00,   6.33,   2.05, 102.8,  96.1,   1.2
2023-02-01 10:33:00,   6.41,   2.09, 102.9,  94.5,   2.1
2023-02-01 10:34:00,   6.46,   2.14, 103.6,  92.3,   2.9
2023-02-01 10:35:00,   6.46,   2.16, 104.3,  93.2,   0.1
2023-02-01 10:36:00,   6.52,   2.18, 104.7,  95.0,   4.1
2023-02-01 10:37:00,   6.48,   2.19, 104.9,  95.1,   1.3
2023-02-01 10:38:00,   6.46,   2.20, 104.9,  96.3,   4.4
2023-02-01 10:39:00,   6.43,   2.17, 104.8,  94.4,   4.3
2023-02-01 10:40:00,   6.50,   2.16, 104.6,  82.3,   4.1
2023-02-01 10:41:00,   6.60,   2.17, 104.9,  76.0,   3.8
2023-02-01 10:42:00,   6.52,   2.17, 105.4,  74.3,   5.9
2023-02-01 10:43:00,   6.48,   2.16, 105.5,  67.4,   5.8
2023-02-01 10:44:00,   6.58,   2.13, 105.5,  60.6,   4.3
2023-02-01 10:45:00,   6.52,   2.14, 105.8,  63.6,   4.1
2023-02-01 10:46:00,   6.50,   2.13, 105.9,  69.2,   4.3
2023-02-01 10:47:00,   6.50,   2.12, 105.9,  69.7,   4.4
2023-02-01 10:48:00,   6.52,   2.12, 106.1,  68.2,   4.8
2023-02-01 10:49:00,   6.54,   2.13, 106.3,  66.8,   4.2
2023-02-01 10:50:00,   6.65,   2.15, 106.7,  68.1,   2.6
2023-02-01 10:51:00,   6.63,   2.19, 107.2,  71.0,   2.8
2023-02-01 10:52:00,   6.58,   2.19, 107.4,  79.1,   2.2
2023-02-01 10:53:00,   6.63,   2.21, 107.3,  84.1,   0.0
2023-02-01 10:54:00,   6.65,   2.25, 107.2,  84.8,   0.0
2023-02-01 10:55:00,   6.60,   2.25, 106.9,  84.8,   1.6
2023-02-01 10:56:00,   6.60,   2.21, 106.1,  85.0,   0.2
2023-02-01 10:57:00,   6.60,   2.18, 105.9,  86.3,   1.4
2023-02-01 10:58:00,   6.58,   2.12, 105.8,  96.6,   0.0
2023-02-01 10:59:00,   6.37,   2.38, 105.8,  97.8,   0.3
2023-02-01 11:00:00,   6.54,   1.80, 104.4,  97.3,   0.0
2023-02-01 11:01:00,   6.22,   2.26, 103.5,  96.6,   1.4
2023-02-01 11:02:00,   6.58,   1.77, 100.0,  93.2,   0.1
2023-02-01 11:03:00,   6.54,   2.40,  98.8,  91.2,   2.7
2023-02-01 11:04:00,   6.75,   2.18, 101.2,  89.7,   0.6
2023-02-01 11:05:00,   6.76,   2.20, 104.4,  89.4,   0.1
2023-02-01 11:06:00,   6.67,   2.22, 106.5,  89.9,   3.7
2023-02-01 11:07:00,   6.65,   2.16, 107.0,  96.6,   1.3
2023-02-01 11:08:00,   6.71,   2.19, 107.3,  97.6,   2.1
2023-02-01 11:09:00,   6.95,   2.40, 107.9,  97.4,   0.5
2023-02-01 11:10:00,   6.86,   2.41, 107.4,  98.2,   4.1
2023-02-01 11:11:00,   6.65,   2.20, 102.1, 100.2,   1.7
2023-02-01 11:12:00,   6.54,   2.11, 101.0,  97.7,   0.1
2023-02-01 11:13:00,   6.22,   2.07, 102.0,  96.1,   2.7
2023-02-01 11:14:00,   5.77,   2.33, 102.5,  96.2,   2.7
2023-02-01 11:15:00,   5.83,   2.14,  89.2,  91.8,   4.9
2023-02-01 11:16:00,   5.85,   1.79,  88.0,  69.8,   4.5
2023-02-01 11:17:00,   5.60,   1.79,  89.4,  41.8,   4.3
2023-02-01 11:18:00,   5.58,   1.79,  88.2,  25.5,   3.2
2023-02-01 11:19:00,   5.56,   1.79,  86.1,  21.8,   1.9
2023-02-01 11:20:00,   5.62,   3.02,  84.2,  20.9,   3.3
2023-02-01 11:21:00,   5.96,   1.95,  85.6,  20.4,   1.1
2023-02-01 11:22:00,   6.09,   2.05,  93.8,  21.9,   0.2
2023-02-01 11:23:00,   6.20,   2.08,  99.8,  26.1,   3.8
2023-02-01 11:24:00,   6.33,   2.07, 103.4,  55.6,   0.0
2023-02-01 11:25:00,   6.45,   2.06, 105.1,  59.9,   0.0
2023-02-01 11:26:00,   6.31,   2.34, 106.2,  60.6,   0.0
2023-02-01 11:27:00,   6.54,   2.04, 101.9,  60.7,   0.0
2023-02-01 11:28:00,   5.86,   2.48,  96.4,  70.4,   0.0
2023-02-01 11:29:00,   6.16,   1.19,  94.5,  70.3,   0.4
2023-02-01 11:30:00,   5.79,   1.27,  94.1,  79.5,   0.0
2023-02-01 11:31:00,   5.75,   1.31,  92.3,  86.6,   1.1
2023-02-01 11:32:00,   5.68,   1.32,  90.0,  86.7,   2.9
2023-02-01 11:33:00,   5.66,   1.33,  87.5,  68.0,   3.5
2023-02-01 11:34:00,   5.62,   1.41,  84.8,  31.5,   0.0
2023-02-01 11:35:00,   6.63,   2.16,  83.0,  25.4,   1.7
2023-02-01 11:36:00,   6.11,   2.04,  87.8,  23.8,   0.0
2023-02-01 11:37:00,   6.26,   2.10,  97.1,  39.0,   0.4
2023-02-01 11:38:00,   6.35,   2.13, 101.7,  54.1,   0.4
2023-02-01 11:39:00,   6.46,   2.12, 105.0,  70.5,   1.0
2023-02-01 11:40:00,   6.54,   2.08, 106.5,  78.7,   0.6
2023-02-01 11:41:00,   6.35,   1.99, 107.1,  83.6,   0.6
2023-02-01 11:42:00,   5.92,   2.23, 106.0,  89.2,   0.4
2023-02-01 11:43:00,   5.86,   2.32, 104.0,  91.7,   1.5
2023-02-01 11:44:00,   6.24,   1.50, 100.6,  92.3,   1.5
2023-02-01 11:45:00,   5.86,   1.41,  99.0,  89.1,   2.5
2023-02-01 11:46:00,   5.81,   1.41,  96.7,  85.4,   2.9
2023-02-01 11:47:00,   5.77,   1.41,  94.3,  61.7,   3.5
2023-02-01 11:48:00,   5.75,   1.41,  92.0,  38.5,   2.7
2023-02-01 11:49:00,   5.73,   1.41,  89.4,  26.3,   2.5
2023-02-01 11:50:00,   5.71,   1.81,  86.4,  23.1,   1.7
2023-02-01 11:51:00,   6.37,   1.62,  84.6,  22.2,   1.2
2023-02-01 11:52:00,   6.24,   2.22,  85.3,  21.7,   0.5
2023-02-01 11:53:00,   6.20,   2.07,  81.6,  22.1,   0.1
2023-02-01 11:54:00,   6.30,   2.07,  84.0,  23.6,   0.0
2023-02-01 11:55:00,   6.41,   2.06,  88.4,  24.7,   0.0
2023-02-01 11:56:00,   6.48,   2.02,  92.3,  25.1,   0.0
2023-02-01 11:57:00,   6.56,   2.05,  96.6,  26.4,   0.0
2023-02-01 11:58:00,   6.56,   2.10, 100.2,  27.2,   0.0
2023-02-01 11:59:00,   6.75,   2.07, 103.3,  28.1,   1.4
2023-02-01 12:00:00,   6.18,   1.95, 104.1,  32.8,   0.0
2023-02-01 12:01:00,   6.71,   2.17, 102.5,  34.3,   0.0
2023-02-01 12:02:00,   6.07,   1.76,  98.6,  36.6,   0.0
2023-02-01 12:03:00,   5.98,   1.76,  96.6,  53.3,   0.0
2023-02-01 12:04:00,   5.96,   1.76,  94.4,  68.8,   0.3
2023-02-01 12:05:00,   5.90,   1.76,  91.9,  70.2,   0.0
2023-02-01 12:06:00,   5.88,   2.25,  89.3,  70.2,   0.0
2023-02-01 12:07:00,   6.28,   1.79,  87.8,  70.3,   0.0
2023-02-01 12:08:00,   6.48,   1.95,  88.3,  69.1,   0.0
2023-02-01 12:09:00,   6.48,   2.04,  94.3,  68.1,   0.0
2023-02-01 12:10:00,   6.60,   2.04, 103.7,  67.8,   0.0
2023-02-01 12:11:00,   6.54,   2.00, 107.8,  67.8,   0.0
2023-02-01 12:12:00,   6.60,   2.03, 109.3,  67.0,   0.0
2023-02-01 12:13:00,   6.52,   2.05, 109.9,  69.8,   0.0
2023-02-01 12:14:00,   6.54,   1.95, 110.4,  70.4,   0.0
2023-02-01 12:15:00,   6.39,   1.94, 108.4,  72.0,   0.2
2023-02-01 12:16:00,   6.15,   2.16, 101.2,  72.7,   0.0
2023-02-01 12:17:00,   6.09,   2.16,  97.8,  75.1,   0.0
2023-02-01 12:18:00,   6.82,   2.13,  94.6,  78.9,   3.1
2023-02-01 12:19:00,   6.58,   2.08,  96.0,  90.4,   0.9
2023-02-01 12:20:00,   6.63,   2.18, 101.4,  91.6,   1.9
2023-02-01 12:21:00,   6.58,   2.19, 105.6,  92.5,   0.0
2023-02-01 12:22:00,   6.63,   2.16, 107.5,  96.3,   2.2
2023-02-01 12:23:00,   6.65,   2.13, 108.6,  99.5,   4.3
2023-02-01 12:24:00,   6.73,   2.08, 109.7, 100.4,   4.5
2023-02-01 12:25:00,   6.67,   2.07, 110.6,  98.5,   7.3
2023-02-01 12:26:00,   6.63,   1.98, 111.4,  84.7,   6.0
2023-02-01 12:27:00,   6.45,   1.95, 112.0,  67.4,   4.7
2023-02-01 12:28:00,   6.86,   2.31, 110.5,  47.0,   3.7
2023-02-01 12:29:00,   6.35,   1.78, 108.6,  43.5,   3.3
2023-02-01 12:30:00,   6.22,   2.77, 107.1,  49.5,   1.3
2023-02-01 12:31:00,   6.41,   2.31, 105.4,  39.6,   2.3
2023-02-01 12:32:00,   6.58,   2.40, 106.4,  44.1,   0.0
2023-02-01 12:33:00,   6.84,   2.24, 106.5,  49.8,   0.4
2023-02-01 12:34:00,   6.75,   2.21, 106.5,  56.2,   0.0
2023-02-01 12:35:00,   6.67,   2.21, 107.7,  60.6,   0.4
2023-02-01 12:36:00,   6.69,   2.18, 108.5,  69.5,   0.5
2023-02-01 12:37:00,   6.69,   2.16, 108.8,  74.5,   0.0
2023-02-01 12:38:00,   6.73,   2.16, 109.1,  80.5,   0.0
2023-02-01 12:39:00,   6.75,   2.13, 109.3,  82.8,   0.0
2023-02-01 12:40:00,   6.90,   2.06, 109.5,  87.1,   0.6
2023-02-01 12:41:00,   6.56,   2.06, 109.7,  93.3,   0.0
2023-02-01 12:42:00,   6.33,   2.08, 109.7,  95.1,   0.2
2023-02-01 12:43:00,   6.13,   2.10, 109.1,  96.0,   0.2
2023-02-01 12:44:00,   6.07,   2.10, 107.9,  96.9,   0.1
2023-02-01 12:45:00,   6.11,   2.04, 107.0,  97.0,   0.0
2023-02-01 12:46:00,   6.15,   2.05, 106.4,  97.0,   2.7
2023-02-01 12:47:00,   6.16,   2.04, 106.0,  97.9,   0.5
2023-02-01 12:48:00,   6.22,   2.04, 106.0,  98.2,   0.4
2023-02-01 12:49:00,   6.22,   2.06, 106.0,  98.1,   0.0
2023-02-01 12:50:00,   6.24,   2.06, 106.1,  97.3,   0.0
2023-02-01 12:51:00,   6.28,   2.07, 106.3,  96.6,   0.0
2023-02-01 12:52:00,   6.30,   2.07, 106.5,  96.5,   3.7
2023-02-01 12:53:00,   6.33,   2.05, 106.7,  98.1,   2.6
2023-02-01 12:54:00,   6.33,   2.06, 106.9,  98.5,   3.6
2023-02-01 12:55:00,   6.35,   2.06, 107.2,  88.8,   6.2
2023-02-01 12:56:00,   6.33,   2.07, 107.3,  70.3,   6.3
2023-02-01 12:57:00,   6.41,   2.09, 107.5,  59.3,   2.7
2023-02-01 12:58:00,   6.39,   2.11, 107.7,  62.2,   2.1
2023-02-01 12:59:00,   6.35,   2.09, 107.8,  69.5,   1.9
2023-02-01 13:00:00,   6.35,   2.09, 107.8,  75.2,   1.9
2023-02-01 13:01:00,   6.43,   2.09, 107.8,  76.9,   3.7
2023-02-01 13:02:00,   6.41,   2.09, 107.8,  79.7,   3.9
2023-02-01 13:03:00,   6.39,   2.10, 107.7,  78.8,   2.1
2023-02-01 13:04:00,   6.43,   2.11, 107.7,  75.8,   2.7
2023-02-01 13:05:00,   6.45,   2.13, 107.7,  76.9,   3.2
2023-02-01 13:06:00,   6.45,   2.13, 108.0,  79.2,   3.8
2023-02-01 13:07:00,   6.52,   2.12, 108.1,  80.3,   3.5
2023-02-01 13:08:00,   6.50,   2.10, 108.1,  78.1,   3.9
2023-02-01 13:09:00,   6.50,   2.12, 108.1,  71.1,   5.3
2023-02-01 13:10:00,   6.60,   2.13, 108.1,  68.4,   2.1
2023-02-01 13:11:00,   6.60,   2.16, 108.6,  68.0,   0.0
2023-02-01 13:12:00,   6.50,   2.16, 108.8,  70.8,   2.3
2023-02-01 13:13:00,   6.48,   2.12, 108.5,  86.1,   2.0
2023-02-01 13:14:00,   6.58,   2.12, 108.1,  90.3,   2.8
2023-02-01 13:15:00,   6.56,   2.10, 108.0,  89.5,   3.1
2023-02-01 13:16:00,   6.58,   2.11, 108.1,  86.8,   3.3
2023-02-01 13:17:00,   6.56,   2.10, 108.4,  83.4,   3.4
2023-02-01 13:18:00,   6.58,   2.10, 108.7,  80.9,   3.3
2023-02-01 13:19:00,   6.60,   2.01, 108.8,  79.1,   3.2
2023-02-01 13:20:00,   6.22,   2.58, 108.4,  74.8,   3.4
2023-02-01 13:21:00,   6.31,   1.56, 106.9,  59.3,   3.5
2023-02-01 13:22:00,   6.11,   1.62, 105.5,  55.7,   5.0
2023-02-01 13:23:00,   6.07,   1.62, 103.3,  34.0,   4.4
2023-02-01 13:24:00,   6.15,   3.00, 100.5,  24.4,   1.4
2023-02-01 13:25:00,   6.52,   2.02,  96.7,  28.0,   1.9
2023-02-01 13:26:00,   6.60,   2.12,  98.2,  51.3,   0.6
2023-02-01 13:27:00,   6.63,   2.18, 102.4,  68.7,   0.8
2023-02-01 13:28:00,   6.65,   2.19, 105.5,  81.3,   0.0
2023-02-01 13:29:00,   6.67,   2.17, 107.2,  85.5,   0.0
2023-02-01 13:30:00,   6.71,   2.16, 108.5,  85.6,   0.0
2023-02-01 13:31:00,   6.73,   2.10, 109.2,  85.1,   0.0
2023-02-01 13:32:00,   6.75,   2.01, 109.9,  84.4,   0.0
2023-02-01 13:33:00,   6.33,   1.96, 110.7,  84.2,   1.6
2023-02-01 13:34:00,   6.20,   2.65, 109.9,  86.8,   3.0
2023-02-01 13:35:00,   6.52,   1.61, 107.3,  97.4,   0.0
2023-02-01 13:36:00,   6.24,   1.58, 105.7,  98.4,   0.0
2023-02-01 13:37:00,   6.13,   1.63, 103.6,  97.5,   0.4
2023-02-01 13:38:00,   6.78,   1.83, 100.9,  97.0,   0.0
2023-02-01 13:39:00,   6.43,   2.36,  97.8,  96.8,   2.6
2023-02-01 13:40:00,   6.54,   2.39, 101.1,  93.6,   1.8
2023-02-01 13:41:00,   6.75,   2.31, 103.3,  93.7,   2.5
2023-02-01 13:42:00,   6.58,   2.20, 104.0,  95.4,   4.5
2023-02-01 13:43:00,   6.56,   2.18, 105.3,  92.5,   5.4
2023-02-01 13:44:00,   6.63,   2.16, 106.3,  77.8,   4.4
2023-02-01 13:45:00,   6.58,   2.13, 107.0,  69.9,   4.4
2023-02-01 13:46:00,   6.58,   2.10, 107.5,  67.6,   4.9
2023-02-01 13:47:00,   6.61,   2.10, 107.9,  66.9,   5.1
2023-02-01 13:48:00,   6.65,   2.10, 108.3,  67.2,   4.8
2023-02-01 13:49:00,   6.65,   2.10, 108.6,  67.9,   3.0
2023-02-01 13:50:00,   6.67,   2.10, 108.9,  72.1,   3.7
2023-02-01 13:51:00,   6.67,   2.07, 109.2,  75.7,   4.8
2023-02-01 13:52:00,   6.65,   2.01, 109.4,  64.0,   7.2
2023-02-01 13:53:00,   6.61,   2.05, 109.4,  51.8,   3.7
2023-02-01 13:54:00,   6.61,   2.00, 109.8,  53.4,   4.1
2023-02-01 13:55:00,   6.63,   2.00, 110.0,  60.1,   2.6
2023-02-01 13:56:00,   6.60,   2.02, 110.4,  66.8,   2.6
2023-02-01 13:57:00,   6.60,   2.03, 110.8,  70.2,   2.8
2023-02-01 13:58:00,   6.61,   2.03, 110.9,  72.1,   3.3
2023-02-01 13:59:00,   6.60,   2.07, 111.2,  73.4,   3.0
2023-02-01 14:00:00,   6.60,   2.08, 111.3,  74.4,   3.1
2023-02-01 14:01:00,   6.58,   2.10, 111.2,  76.4,   3.0
2023-02-01 14:02:00,   6.61,   2.10, 110.9,  77.3,   3.2
2023-02-01 14:03:00,   6.60,   2.10, 110.5,  78.2,   3.3
2023-02-01 14:04:00,   6.60,   2.11, 110.1,  77.2,   3.1
2023-02-01 14:05:00,   6.56,   2.13, 109.7,  77.4,   3.9
2023-02-01 14:06:00,   6.60,   2.09, 109.2,  76.2,   3.4
2023-02-01 14:07:00,   6.69,   2.10, 108.9,  72.9,   3.6
2023-02-01 14:08:00,   6.67,   2.10, 108.8,  67.8,   3.5
2023-02-01 14:09:00,   6.58,   2.13, 108.7,  67.8,   5.9
2023-02-01 14:10:00,   6.63,   2.13, 108.7,  69.3,   3.5
2023-02-01 14:11:00,   6.73,   2.14, 108.7,  70.3,   1.3
2023-02-01 14:12:00,   6.65,   2.15, 108.7,  71.2,   1.2
2023-02-01 14:13:00,   6.61,   2.15, 108.7,  76.7,   0.4
2023-02-01 14:14:00,   6.61,   2.16, 108.6,  85.1,   4.0
2023-02-01 14:15:00,   6.63,   2.16, 108.4,  89.8,   0.9
2023-02-01 14:16:00,   6.63,   2.16, 108.3,  91.0,   5.6
2023-02-01 14:17:00,   6.63,   2.16, 108.1,  88.1,   5.6
2023-02-01 14:18:00,   6.71,   2.14, 108.0,  70.1,   5.5
2023-02-01 14:19:00,   6.76,   2.19, 108.4,  62.9,   5.9
2023-02-01 14:20:00,   6.67,   2.19, 108.8,  65.3,   3.1
2023-02-01 14:21:00,   6.69,   2.18, 108.9,  72.2,   6.0
2023-02-01 14:22:00,   6.63,   2.13, 108.6,  74.4,   3.8
2023-02-01 14:23:00,   6.61,   2.10, 108.3,  75.0,   3.0
2023-02-01 14:24:00,   6.65,   1.98, 108.0,  77.0,   3.4
2023-02-01 14:25:00,   6.54,   2.34, 107.3,  69.4,   4.1
2023-02-01 14:26:00,   6.20,   2.13,  95.2,  54.4,   2.6
2023-02-01 14:27:00,   6.16,   2.39,  90.5,  37.4,   4.3
2023-02-01 14:28:00,   6.46,   1.51,  89.1,  27.0,   3.6
2023-02-01 14:29:00,   6.13,   1.56,  91.4,  35.8,   5.1
2023-02-01 14:30:00,   6.09,   1.86,  90.6,  32.5,   3.4
2023-02-01 14:31:00,   6.39,   1.95,  89.6,  25.9,   3.1
2023-02-01 14:32:00,   6.61,   2.07,  92.2,  48.9,   0.2
2023-02-01 14:33:00,   6.67,   2.18,  97.0,  60.1,   2.2
2023-02-01 14:34:00,   6.63,   2.19, 102.0,  78.0,   0.0
2023-02-01 14:35:00,   6.61,   2.16, 104.2,  91.7,   3.1
2023-02-01 14:36:00,   6.71,   2.15, 105.5,  95.3,   6.6
2023-02-01 14:37:00,   6.75,   2.14, 106.7,  96.6,   3.4
2023-02-01 14:38:00,   6.82,   2.16, 107.8,  94.5,   0.0
2023-02-01 14:39:00,   6.73,   2.12, 109.0,  95.9,   3.8
2023-02-01 14:40:00,   6.54,   1.97, 109.3,  99.2,   6.2
2023-02-01 14:41:00,   6.52,   2.07, 109.7,  98.6,   6.0
2023-02-01 14:42:00,   6.07,   2.10, 109.8,  90.0,   0.0
2023-02-01 14:43:00,   6.09,   1.71, 108.0,  85.6,   0.5
2023-02-01 14:44:00,   5.56,   1.92, 106.3,  80.9,   1.8
2023-02-01 14:45:00,   6.33,   2.01, 103.4,  68.2,   3.2
2023-02-01 14:46:00,   6.05,   2.01, 101.3,  58.9,   0.2
2023-02-01 14:47:00,   6.20,   2.10, 102.7,  70.7,   0.0
2023-02-01 14:48:00,   6.41,   2.15, 104.5,  81.1,   2.2
2023-02-01 14:49:00,   6.54,   2.14, 106.4,  91.1,   2.9
2023-02-01 14:50:00,   6.65,   2.13, 107.7,  97.3,   6.0
2023-02-01 14:51:00,   6.60,   1.99, 108.7,  89.8,   3.9
2023-02-01 14:52:00,   6.46,   2.04, 109.5,  79.9,   4.4
2023-02-01 14:53:00,   6.26,   1.95, 109.8,  80.9,   4.0
2023-02-01 14:54:00,   6.20,   2.00, 109.8,  81.7,   4.1
2023-02-01 14:55:00,   6.26,   2.01, 109.8,  80.3,   4.1
2023-02-01 14:56:00,   6.28,   1.93, 109.4,  74.6,   4.2
2023-02-01 14:57:00,   6.28,   1.90, 108.3,  64.0,   4.0
2023-02-01 14:58:00,   6.18,   2.02, 106.7,  55.3,   3.0
2023-02-01 14:59:00,   5.94,   2.43, 105.3,  58.9,   1.0
2023-02-01 15:00:00,   5.94,   1.72, 103.1,  55.1,   0.7
2023-02-01 15:01:00,   5.81,   1.73, 101.2,  50.5,   0.3
2023-02-01 15:02:00,   5.77,   1.73,  98.9,  49.1,   1.4
2023-02-01 15:03:00,   5.75,   1.77,  96.3,  40.5,   2.4
2023-02-01 15:04:00,   6.22,   1.86,  93.7,  35.0,   0.8
2023-02-01 15:05:00,   6.24,   2.01,  96.6,  34.4,   2.0
2023-02-01 15:06:00,   6.37,   2.09, 102.5,  46.3,   0.0
2023-02-01 15:07:00,   6.50,   2.16, 106.2,  52.5,   0.2
2023-02-01 15:08:00,   6.58,   2.15, 108.3,  71.0,   0.0
2023-02-01 15:09:00,   6.46,   2.10, 109.0,  78.0,   0.0
2023-02-01 15:10:00,   6.28,   2.37, 109.1,  83.1,   0.9
2023-02-01 15:11:00,   6.18,   1.88, 104.0,  87.9,   0.0
2023-02-01 15:12:00,   6.05,   2.16,  99.7,  89.7,   0.0
2023-02-01 15:13:00,   6.22,   1.74,  97.5,  93.3,   1.0
2023-02-01 15:14:00,   6.01,   1.86,  97.7,  94.2,   1.8
2023-02-01 15:15:00,   5.94,   1.86,  96.2,  92.2,   1.9
2023-02-01 15:16:00,   5.88,   1.86,  94.1,  90.7,   1.9
2023-02-01 15:17:00,   5.86,   1.85,  91.7,  73.0,   0.6
2023-02-01 15:18:00,   5.83,   2.16,  89.7,  60.9,   0.0
2023-02-01 15:19:00,   6.07,   1.68,  89.4,  47.5,   2.3
2023-02-01 15:20:00,   6.35,   1.96,  87.8,  53.5,   0.0
2023-02-01 15:21:00,   6.43,   2.03,  89.5,  62.1,   0.0
2023-02-01 15:22:00,   6.50,   2.03,  94.8,  75.4,   4.6
2023-02-01 15:23:00,   6.67,   2.07,  99.1,  84.2,   1.5
2023-02-01 15:24:00,   6.75,   2.18, 102.9,  88.3,   1.5
2023-02-01 15:25:00,   6.65,   2.33, 106.0,  91.9,   3.9
2023-02-01 15:26:00,   6.58,   2.31, 106.7,  96.2,   5.7
2023-02-01 15:27:00,   6.58,   2.28, 106.2,  94.9,   5.4
2023-02-01 15:28:00,   6.63,   2.26, 105.9,  92.4,   2.3
2023-02-01 15:29:00,   6.65,   2.19, 106.2,  91.4,   4.5
2023-02-01 15:30:00,   6.65,   2.13, 106.7,  89.7,   4.6
2023-02-01 15:31:00,   6.67,   2.08, 107.5,  84.9,   6.2
2023-02-01 15:32:00,   6.75,   2.10, 108.5,  77.3,   5.5
2023-02-01 15:33:00,   6.76,   2.17, 109.6,  78.7,   4.4
2023-02-01 15:34:00,   6.78,   2.18, 110.2,  84.9,   4.1
2023-02-01 15:35:00,   6.80,   2.19, 110.6,  88.3,   7.1
2023-02-01 15:36:00,   6.69,   2.20, 110.6,  83.5,   7.2
2023-02-01 15:37:00,   6.54,   2.13, 110.5,  78.1,   7.0
2023-02-01 15:38:00,   6.33,   2.07, 109.8,  72.3,   7.0
2023-02-01 15:39:00,   6.22,   2.02, 108.9,  68.9,   0.9
2023-02-01 15:40:00,   6.13,   2.07, 108.2,  71.7,   2.5
2023-02-01 15:41:00,   6.13,   2.07, 107.5,  82.8,   3.9
2023-02-01 15:42:00,   6.18,   2.10, 107.0,  88.7,   2.6
2023-02-01 15:43:00,   6.24,   2.13, 106.8,  91.4,   1.3
2023-02-01 15:44:00,   6.26,   2.11, 106.7,  94.2,   3.4
2023-02-01 15:45:00,   6.22,   2.04, 106.6,  93.7,   4.0
2023-02-01 15:46:00,   6.28,   1.99, 106.6,  87.9,   3.5
2023-02-01 15:47:00,   6.41,   2.01, 107.2,  81.0,   3.9
2023-02-01 15:48:00,   6.46,   2.10, 108.2,  80.7,   3.9
2023-02-01 15:49:00,   6.45,   2.14, 109.0,  83.9,   4.9
2023-02-01 15:50:00,   6.45,   2.17, 109.0,  87.7,   5.2
2023-02-01 15:51:00,   6.45,   2.16, 108.7,  84.7,   6.0
2023-02-01 15:52:00,   6.46,   2.10, 108.4,  77.5,   4.8
2023-02-01 15:53:00,   6.48,   2.07, 108.5,  77.1,   4.9
2023-02-01 15:54:00,   6.28,   2.28, 108.8,  78.7,   5.0
2023-02-01 15:55:00,   6.41,   2.19, 107.6,  66.8,   5.0
2023-02-01 15:56:00,   6.52,   2.16, 106.1,  54.8,   5.3
2023-02-01 15:57:00,   6.30,   1.94, 105.2,  47.7,   2.8
2023-02-01 15:58:00,   6.03,   2.03, 103.8,  44.1,   2.6
2023-02-01 15:59:00,   6.00,   2.55, 101.5,  34.6,   2.3
2023-02-01 16:00:00,   6.30,   1.46,  99.2,  29.3,   1.5
2023-02-01 16:01:00,   5.94,   1.58,  98.1,  37.7,   2.6
2023-02-01 16:02:00,   6.54,   2.13,  96.0,  38.1,   3.2
2023-02-01 16:03:00,   6.26,   2.10,  95.5,  34.7,   2.6
2023-02-01 16:04:00,   6.37,   2.13,  99.5,  56.2,   0.8
2023-02-01 16:05:00,   6.52,   2.15, 103.3,  71.1,   3.3
2023-02-01 16:06:00,   6.67,   2.16, 106.0,  81.5,   1.1
2023-02-01 16:07:00,   6.60,   2.18, 107.5,  82.4,   4.7
2023-02-01 16:08:00,   6.73,   2.31, 107.9,  90.2,   7.2
2023-02-01 16:09:00,   6.76,   2.40, 107.9,  78.5,   6.9
2023-02-01 16:10:00,   6.63,   2.40, 107.0,  56.7,   7.6
2023-02-01 16:11:00,   6.65,   2.24, 105.7,  31.5,   7.6
2023-02-01 16:12:00,   7.31,   2.01, 105.8,  25.4,   6.7
2023-02-01 16:13:00,   6.80,   2.30, 106.0,  21.6,   6.5
2023-02-01 16:14:00,   6.99,   2.16,  97.9,  19.0,   7.0
2023-02-01 16:15:00,   6.41,   2.11,  94.7,  18.3,   4.8
2023-02-01 16:16:00,   6.48,   2.61,  92.6,  18.9,   6.0
2023-02-01 16:17:00,   6.39,   1.80,  93.1,  21.4,   5.5
2023-02-01 16:18:00,   6.16,   2.07,  94.4,  30.8,   5.4
2023-02-01 16:19:00,   6.13,   2.07,  92.9,  22.4,   6.9
2023-02-01 16:20:00,   6.09,   2.07,  91.0,  17.3,   7.1
2023-02-01 16:21:00,   6.05,   2.07,  88.4,  14.2,   7.8
2023-02-01 16:22:00,   6.01,   2.18,  85.1,  13.0,   8.7
2023-02-01 16:23:00,   6.54,   1.65,  84.3,  15.9,   8.7
2023-02-01 16:24:00,   6.67,   2.07,  87.8,  34.0,   8.4
2023-02-01 16:25:00,   6.45,   2.09,  92.9,  44.7,   8.3
2023-02-01 16:26:00,   6.45,   2.09,  99.7,  47.5,   5.8
2023-02-02 07:12:00,   4.35,   1.75,  24.4,  12.0,   0.2
2023-02-02 07:13:00,   4.35,   1.76,  23.3,  11.8,   0.2
2023-02-02 07:14:00,   4.35,   1.78,  22.3,  11.6,   0.3
2023-02-02 07:15:00,   4.72,   1.96,  27.5,  11.5,   0.2
2023-02-02 07:16:00,   5.17,   2.43,  49.2,  11.4,   0.1
2023-02-02 07:17:00,   5.15,   2.31,  59.5,  11.3,   0.2
2023-02-02 07:18:00,   5.26,   2.24,  67.4,  11.2,   0.2
2023-02-02 07:19:00,   5.40,   2.29,  72.4,  11.0,   0.2
2023-02-02 07:20:00,   5.49,   2.21,  75.9,  11.9,   0.2
2023-02-02 07:21:00,   5.70,   2.30,  79.2,  17.6,   0.1
2023-02-02 07:22:00,   5.73,   2.25,  82.3,  27.2,   0.0
2023-02-02 07:23:00,   5.92,   2.29,  84.3,  33.6,   0.0
2023-02-02 07:24:00,   6.03,   2.34,  86.9,  37.9,   0.0
2023-02-02 07:25:00,   6.18,   2.36,  88.6,  39.5,   0.0
2023-02-02 07:26:00,   6.33,   2.37,  90.4,  38.7,   0.0
2023-02-02 07:27:00,   6.43,   2.37,  92.3,  41.5,   0.0
2023-02-02 07:28:00,   6.60,   2.43,  94.1,  51.3,   0.0
2023-02-02 07:29:00,   6.71,   2.43,  95.8,  50.6,   0.0
2023-02-02 07:30:00,   6.86,   2.47,  97.6,  49.4,   0.0
2023-02-02 07:31:00,   6.97,   2.43,  96.3,  48.8,   0.0
2023-02-02 07:32:00,   7.06,   2.41,  96.9,  48.3,   0.0
2023-02-02 07:33:00,   7.14,   2.37,  99.6,  50.9,   0.0
2023-02-02 07:34:00,   6.88,   2.23, 102.2,  51.7,   0.0
2023-02-02 07:35:00,   6.60,   2.21, 103.7,  52.3,   0.0
2023-02-02 07:36:00,   6.41,   2.08, 104.0,  52.2,   0.0
2023-02-02 07:37:00,   6.26,   1.98, 104.7,  54.1,   0.0
2023-02-02 07:38:00,   6.30,   2.01, 105.2,  53.2,   0.0
2023-02-02 07:39:00,   6.28,   2.01, 105.5,  52.7,   0.6
2023-02-02 07:40:00,   6.28,   1.96, 106.2,  64.0,   0.2
2023-02-02 07:41:00,   6.30,   2.03, 106.4,  75.2,   0.2
2023-02-02 07:42:00,   6.43,   2.03, 106.2,  83.9,   0.4
2023-02-02 07:43:00,   6.46,   1.97, 106.5,  88.9,   0.0
2023-02-02 07:44:00,   6.33,   2.01, 106.9,  86.7,   0.0
2023-02-02 07:45:00,   6.09,   2.49, 106.4,  83.8,   0.0
2023-02-02 07:46:00,   6.33,   1.93, 103.2,  82.0,   0.0
2023-02-02 07:47:00,   6.03,   2.04,  99.4,  80.0,   0.0
2023-02-02 07:48:00,   5.98,   2.09,  97.2,  79.4,   0.0
2023-02-02 07:49:00,   6.33,   1.63,  94.5,  81.8,   0.0
2023-02-02 07:50:00,   6.48,   1.83,  95.2,  83.3,   0.0
2023-02-02 07:51:00,   6.18,   2.59,  97.3,  85.5,   0.8
2023-02-02 07:52:00,   6.31,   2.09,  96.5,  90.0,   0.0
2023-02-02 07:53:00,   6.31,   2.07, 100.0,  88.1,   2.8
2023-02-02 07:54:00,   6.24,   2.04, 102.5,  94.0,   6.1
2023-02-02 07:55:00,   6.35,   2.00, 103.4,  80.2,   6.1
2023-02-02 07:56:00,   6.63,   1.95, 103.7,  42.9,   5.6
2023-02-02 07:57:00,   6.76,   2.28, 103.6,  29.1,   5.8
2023-02-02 07:58:00,   6.73,   1.98, 101.9,  24.8,   4.0
2023-02-02 07:59:00,   6.18,   2.03, 103.9,  47.9,   7.5
2023-02-02 08:00:00,   6.26,   1.97, 105.1,  54.2,   3.8
2023-02-02 08:01:00,   6.31,   1.98, 106.4,  56.9,   4.0
2023-02-02 08:02:00,   6.30,   1.98, 107.4,  61.8,   4.1
2023-02-02 08:03:00,   6.31,   1.95, 108.3,  63.1,   4.2
2023-02-02 08:04:00,   6.33,   2.10, 108.7,  61.9,   5.4
2023-02-02 08:05:00,   6.35,   2.09, 108.8,  54.4,   4.8
2023-02-02 08:06:00,   6.33,   2.14, 108.8,  54.1,   5.0
2023-02-02 08:07:00,   6.33,   2.16, 108.3,  55.4,   4.5
2023-02-02 08:08:00,   6.33,   2.21, 107.3,  58.1,   4.5
2023-02-02 08:09:00,   6.31,   2.14, 105.9,  62.6,   6.4
2023-02-02 08:10:00,   6.33,   2.10, 105.0,  48.3,   7.3
2023-02-02 08:11:00,   6.09,   1.92, 104.6,  42.1,   7.1
2023-02-02 08:12:00,   5.81,   1.95, 103.4,  31.0,   6.1
2023-02-02 08:13:00,   5.77,   2.01, 100.6,  21.2,   4.0
2023-02-02 08:14:00,   5.96,   1.94,  96.5,  19.1,   4.1
2023-02-02 08:15:00,   6.18,   2.01,  96.0,  52.7,   5.4
2023-02-02 08:16:00,   6.31,   2.05,  99.4,  66.5,   5.9
2023-02-02 08:17:00,   6.45,   2.07, 102.5,  68.9,   4.7
2023-02-02 08:18:00,   6.52,   2.08, 105.0,  72.5,   3.0
2023-02-02 08:19:00,   6.56,   2.04, 106.9,  80.2,   2.6
2023-02-02 08:20:00,   6.58,   1.95, 108.4,  84.5,   3.2
2023-02-02 08:21:00,   6.13,   2.55, 108.3,  89.8,   2.7
2023-02-02 08:22:00,   6.11,   1.93, 105.8,  88.8,   1.6
2023-02-02 08:23:00,   6.24,   1.77, 103.2,  82.9,   1.7
2023-02-02 08:24:00,   5.79,   1.57, 101.3,  72.2,   3.6
2023-02-02 08:25:00,   5.75,   1.58,  99.5,  54.5,   4.1
2023-02-02 08:26:00,   5.71,   1.59,  97.3,  31.9,   2.8
2023-02-02 08:27:00,   5.66,   1.68,  94.3,  23.7,   2.1
2023-02-02 08:28:00,   5.94,   1.86,  91.7,  21.8,   2.4
2023-02-02 08:29:00,   6.11,   2.07,  95.5,  29.4,   0.1
2023-02-02 08:30:00,   6.22,   2.13, 100.3,  35.7,   0.1
2023-02-02 08:31:00,   6.31,   2.18, 103.0,  38.6,   0.0
2023-02-02 08:32:00,   6.43,   2.19, 104.2,  44.1,   0.5
2023-02-02 08:33:00,   6.52,   2.16, 104.9,  59.8,   0.0
2023-02-02 08:34:00,   6.65,   2.16, 105.8,  63.8,   0.0
2023-02-02 08:35:00,   6.56,   1.93, 106.2,  72.7,   2.8
2023-02-02 08:36:00,   6.16,   2.37, 105.0,  94.9,   4.6
2023-02-02 08:37:00,   6.01,   1.62, 102.9,  86.7,   5.7
2023-02-02 08:38:00,   5.81,   1.63, 101.0,  45.7,   5.5
2023-02-02 08:39:00,   5.73,   1.64,  98.7,  25.7,   4.5
2023-02-02 08:40:00,   5.66,   1.72,  96.1,  21.3,   4.2
2023-02-02 08:41:00,   6.46,   1.86,  93.2,  19.5,   5.1
2023-02-02 08:42:00,   6.03,   2.05,  94.6,  45.6,   3.3
2023-02-02 08:43:00,   6.13,   2.08,  99.1,  59.8,   3.4
2023-02-02 08:44:00,   6.24,   2.11, 102.3,  68.8,   4.3
2023-02-02 08:45:00,   6.28,   2.11, 104.1,  70.9,   4.3
2023-02-02 08:46:00,   6.28,   2.10, 105.0,  72.1,   5.2
2023-02-02 08:47:00,   6.28,   2.07, 105.1,  69.6,   4.5
2023-02-02 08:48:00,   5.96,   2.55, 104.9,  65.0,   6.1
2023-02-02 08:49:00,   6.24,   1.63, 103.1,  44.5,   4.2
2023-02-02 08:50:00,   5.88,   2.01, 101.6,  41.1,   5.5
2023-02-02 08:51:00,   5.83,   1.99,  99.4,  25.9,   3.7
2023-02-02 08:52:00,   5.77,   1.98,  96.9,  22.2,   3.3
2023-02-02 08:53:00,   6.58,   2.47,  93.8,  19.2,   4.9
2023-02-02 08:54:00,   6.15,   2.02,  93.4,  31.3,   2.7
2023-02-02 08:55:00,   6.28,   2.07,  99.4,  59.8,   3.3
2023-02-02 08:56:00,   6.39,   2.13, 103.9,  74.1,   5.1
2023-02-02 08:57:00,   6.54,   2.19, 106.1,  78.4,   0.4
2023-02-02 08:58:00,   6.61,   2.19, 106.9,  78.4,   1.5
2023-02-02 08:59:00,   6.65,   2.18, 107.3,  78.8,   0.3
2023-02-02 09:00:00,   6.65,   2.03, 107.1,  81.0,   1.1
2023-02-02 09:01:00,   6.26,   2.46, 105.9,  92.8,   5.8
2023-02-02 09:02:00,   6.03,   1.84, 104.0,  79.3,   0.0
2023-02-02 09:03:00,   5.88,   2.01, 102.3,  62.2,   0.7
2023-02-02 09:04:00,   5.83,   2.00,  99.6,  55.5,   0.0
2023-02-02 09:05:00,   5.77,   1.99,  97.2,  49.6,   0.0
2023-02-02 09:06:00,   5.73,   1.98,  94.2,  44.7,   0.1
2023-02-02 09:07:00,   5.68,   1.98,  91.7,  41.8,   4.4
2023-02-02 09:08:00,   5.60,   1.97,  89.0,  31.6,   3.8
2023-02-02 09:09:00,   6.37,   1.90,  86.3,  24.2,   3.0
2023-02-02 09:10:00,   5.92,   2.02,  88.9,  37.5,   0.9
2023-02-02 09:11:00,   6.07,   2.04,  96.2,  63.2,   2.7
2023-02-02 09:12:00,   6.24,   2.12, 100.1,  71.0,   0.2
2023-02-02 09:13:00,   6.35,   2.15, 102.9,  73.2,   2.5
2023-02-02 09:14:00,   6.39,   2.13, 104.4,  77.8,   1.9
2023-02-02 09:15:00,   6.33,   1.92, 105.0,  89.1,   2.5
2023-02-02 09:16:00,   6.37,   1.57, 104.0,  93.2,   3.9
2023-02-02 09:17:00,   6.18,   1.49, 102.6,  82.3,   4.6
2023-02-02 09:18:00,   6.60,   1.71, 100.4,  51.9,   1.9
2023-02-02 09:19:00,   6.28,   2.35,  99.2,  51.3,   3.8
2023-02-02 09:20:00,   6.35,   2.43, 100.5,  66.0,   6.0
2023-02-02 09:21:00,   6.48,   2.11, 100.4,  66.8,   4.3
2023-02-02 09:22:00,   6.37,   2.10, 102.1,  78.4,   4.1
2023-02-02 09:23:00,   6.35,   2.08, 104.2,  84.1,   4.4
2023-02-02 09:24:00,   6.35,   2.02, 105.6,  78.2,   4.8
2023-02-02 09:25:00,   6.31,   1.97, 106.9,  72.1,   5.5
2023-02-02 09:26:00,   6.33,   2.02, 108.0,  69.8,   4.2
2023-02-02 09:27:00,   6.33,   2.03, 108.5,  71.4,   3.6
2023-02-02 09:28:00,   6.43,   2.05, 108.5,  72.7,   1.2
2023-02-02 09:29:00,   6.50,   2.14, 108.9,  71.8,   0.0
2023-02-02 09:30:00,   6.46,   2.13, 109.0,  71.3,   0.0
2023-02-02 09:31:00,   6.35,   2.12, 108.5,  71.0,   1.5
2023-02-02 09:32:00,   6.33,   2.09, 107.7,  85.1,   1.0
2023-02-02 09:33:00,   6.41,   2.05, 107.2,  95.3,   4.4
2023-02-02 09:34:00,   6.43,   2.08, 107.0,  96.4,   0.0
2023-02-02 09:35:00,   6.56,   2.13, 107.1,  94.6,   0.0
2023-02-02 09:36:00,   6.56,   2.19, 107.5,  93.6,   0.0
2023-02-02 09:37:00,   6.48,   2.21, 107.6,  93.1,   0.0
2023-02-02 09:38:00,   6.48,   2.22, 107.0,  92.5,   0.1
2023-02-02 09:39:00,   6.48,   2.19, 106.2,  91.6,   0.1
2023-02-02 09:40:00,   6.50,   2.15, 105.9,  91.0,   1.5
2023-02-02 09:41:00,   6.43,   2.11, 105.8,  97.4,   4.4
2023-02-02 09:42:00,   6.54,   2.05, 105.7,  98.8,   3.0
2023-02-02 09:43:00,   6.61,   2.06, 105.7,  95.7,   0.2
2023-02-02 09:44:00,   6.60,   2.11, 106.1,  94.2,   0.0
2023-02-02 09:45:00,   6.54,   2.10, 106.7,  92.5,   4.9
2023-02-02 09:46:00,   6.56,   2.08, 107.0,  91.0,   5.6
2023-02-02 09:47:00,   6.61,   2.13, 107.4,  72.0,   4.4
2023-02-02 09:48:00,   6.60,   2.15, 107.9,  70.0,   2.9
2023-02-02 09:49:00,   6.50,   2.16, 108.2,  77.3,   5.7
2023-02-02 09:50:00,   6.52,   2.16, 108.1,  70.1,   5.9
2023-02-02 09:51:00,   6.56,   2.16, 107.9,  64.4,   6.4
2023-02-02 09:52:00,   6.58,   2.21, 107.8,  63.5,   5.5
2023-02-02 09:53:00,   6.50,   2.22, 107.6,  65.9,   5.2
2023-02-02 09:54:00,   6.48,   2.19, 106.9,  69.5,   3.9
2023-02-02 09:55:00,   6.45,   2.16, 106.5,  71.1,   4.4
2023-02-02 09:56:00,   6.45,   2.13, 106.1,  71.9,   4.4
2023-02-02 09:57:00,   6.43,   2.10, 106.0,  69.9,   3.2
2023-02-02 09:58:00,   6.48,   2.01, 105.9,  68.9,   4.1
2023-02-02 09:59:00,   6.03,   2.51, 105.7,  71.2,   4.0
2023-02-02 10:00:00,   5.96,   2.07,  99.2,  54.1,   3.8
2023-02-02 10:01:00,   5.92,   2.56,  95.3,  36.1,   2.3
2023-02-02 10:02:00,   6.09,   1.98,  94.0,  27.8,   3.3
2023-02-02 10:03:00,   6.11,   1.98,  95.0,  41.6,   2.8
2023-02-02 10:04:00,   6.15,   1.92,  98.2,  50.1,   2.9
2023-02-02 10:05:00,   6.13,   1.96,  97.5,  62.4,   0.0
2023-02-02 10:06:00,   6.26,   2.19,  97.1,  62.2,   0.0
2023-02-02 10:07:00,   6.33,   2.39,  99.4,  59.9,   0.6
2023-02-02 10:08:00,   6.50,   2.20, 100.4,  60.4,   0.0
2023-02-02 10:09:00,   6.54,   2.25, 101.6,  60.6,   0.1
2023-02-02 10:10:00,   6.60,   2.25, 103.5,  74.0,   0.0
2023-02-02 10:11:00,   6.60,   2.28, 104.5,  82.5,   0.0
2023-02-02 10:12:00,   6.67,   2.24, 105.0,  82.4,   0.0
2023-02-02 10:13:00,   6.60,   2.27, 105.4,  82.6,   0.7
2023-02-02 10:14:00,   6.54,   2.25, 105.3,  87.0,   0.2
2023-02-02 10:15:00,   6.52,   2.20, 104.9,  92.0,   0.0
2023-02-02 10:16:00,   6.56,   2.18, 104.8,  93.2,   0.0
2023-02-02 10:17:00,   6.61,   2.16, 105.2,  92.1,   0.0
2023-02-02 10:18:00,   6.61,   2.14, 105.6,  91.1,   0.0
2023-02-02 10:19:00,   6.35,   1.90, 105.8,  90.1,   1.0
2023-02-02 10:20:00,   6.58,   1.68, 104.4,  89.3,   0.0
2023-02-02 10:21:00,   6.33,   1.56, 103.4,  89.0,   0.0
2023-02-02 10:22:00,   7.01,   2.22, 101.6,  88.2,   0.0
2023-02-02 10:23:00,   6.65,   1.97,  99.2,  87.2,   0.0
2023-02-02 10:24:00,   6.69,   2.06, 102.5,  87.4,   0.0
2023-02-02 10:25:00,   6.73,   2.10, 106.1,  87.5,   1.5
2023-02-02 10:26:00,   6.73,   2.10, 108.8,  90.7,   1.9
2023-02-02 10:27:00,   6.71,   2.06, 110.3,  96.2,   1.3
2023-02-02 10:28:00,   6.71,   1.98, 111.1,  99.9,   2.2
2023-02-02 10:29:00,   6.67,   2.01, 112.4, 101.5,   3.8
2023-02-02 10:30:00,   6.39,   2.61, 112.6, 100.4,   4.0
2023-02-02 10:31:00,   6.45,   2.00, 110.1,  78.9,   4.7
2023-02-02 10:32:00,   6.28,   2.28, 108.5,  50.6,   4.2
2023-02-02 10:33:00,   6.24,   2.28, 106.5,  33.6,   3.4
2023-02-02 10:34:00,   7.12,   2.25, 103.2,  26.5,   3.2
2023-02-02 10:35:00,   6.61,   1.96,  96.5,  27.2,   1.3
2023-02-02 10:36:00,   6.73,   2.09,  96.8,  39.3,   0.8
2023-02-02 10:37:00,   6.73,   2.13, 100.0,  46.4,   0.7
2023-02-02 10:38:00,   6.71,   2.13, 103.0,  49.6,   0.0
2023-02-02 10:39:00,   6.69,   2.11, 104.8,  52.4,   1.4
2023-02-02 10:40:00,   6.69,   2.03, 106.0,  55.4,   0.0
2023-02-02 10:41:00,   6.75,   2.00, 106.9,  59.2,   0.0
2023-02-02 10:42:00,   6.73,   2.05, 108.6,  61.0,   0.0
2023-02-02 10:43:00,   6.73,   2.06, 111.3,  63.7,   0.0
2023-02-02 10:44:00,   6.76,   2.01, 112.7,  64.9,   0.0
2023-02-02 10:45:00,   6.82,   2.08, 113.0,  65.4,   0.0
2023-02-02 10:46:00,   6.41,   2.16, 112.6,  66.1,   0.0
2023-02-02 10:47:00,   6.20,   2.19, 110.2,  67.0,   0.0
2023-02-02 10:48:00,   6.09,   2.15, 107.4,  67.8,   0.0
2023-02-02 10:49:00,   6.03,   2.10, 104.8,  75.5,   2.3
2023-02-02 10:50:00,   6.13,   2.04, 103.2,  97.6,   3.1
2023-02-02 10:51:00,   6.18,   2.08, 102.7,  98.9,   1.6
2023-02-02 10:52:00,   6.26,   2.13, 102.6,  96.7,   0.0
2023-02-02 10:53:00,   6.33,   2.19, 103.1,  95.2,   0.0
2023-02-02 10:54:00,   6.35,   2.22, 103.2,  93.8,   0.2
2023-02-02 10:55:00,   6.28,   2.23, 102.9,  95.5,   0.5
2023-02-02 10:56:00,   6.33,   2.21, 102.5,  96.1,   0.0
2023-02-02 10:57:00,   6.28,   2.17, 102.3,  96.6,   4.8
2023-02-02 10:58:00,   6.28,   2.14, 102.1,  87.4,   5.9
2023-02-02 10:59:00,   6.35,   2.14, 102.1,  66.2,   7.1
2023-02-02 11:00:00,   6.50,   2.16, 102.8,  57.1,   6.7
2023-02-02 11:01:00,   6.48,   2.20, 103.5,  57.6,   6.1
2023-02-02 11:02:00,   6.41,   2.23, 104.0,  62.4,   5.0
2023-02-02 11:03:00,   6.39,   2.23, 103.9,  69.3,   4.7
2023-02-02 11:04:00,   6.39,   2.22, 103.5,  72.2,   4.1
2023-02-02 11:05:00,   6.33,   2.19, 103.2,  74.5,   6.6
2023-02-02 11:06:00,   6.35,   2.14, 103.0,  68.5,   4.9
2023-02-02 11:07:00,   6.31,   1.94, 103.0,  66.3,   3.8
2023-02-02 11:08:00,   6.39,   1.94, 102.1,  58.6,   5.2
2023-02-02 11:09:00,   5.90,   2.15, 100.8,  50.6,   5.1
2023-02-02 11:10:00,   5.88,   2.28,  99.2,  31.8,   3.1
2023-02-02 11:11:00,   5.83,   2.28,  97.3,  24.5,   6.9
2023-02-02 11:12:00,   6.20,   1.93,  93.7,  23.3,   4.9
2023-02-02 11:13:00,   6.33,   2.19,  95.2,  49.7,   4.5
2023-02-02 11:14:00,   6.39,   2.26,  99.5,  62.0,   3.4
2023-02-02 11:15:00,   6.46,   2.28, 101.8,  74.8,   4.9
2023-02-02 11:16:00,   6.50,   2.24, 102.9,  81.3,   4.0
2023-02-02 11:17:00,   6.54,   2.19, 103.5,  83.6,   3.9
2023-02-02 11:18:00,   6.50,   2.08, 103.9,  83.7,   0.0
2023-02-02 11:19:00,   6.11,   2.58, 103.7,  82.7,   3.6
2023-02-02 11:20:00,   6.13,   1.95, 102.1,  80.9,   0.3
2023-02-02 11:21:00,   5.92,   2.32, 100.9,  73.9,   0.0
2023-02-02 11:22:00,   5.85,   2.31,  98.9,  69.3,   3.7
2023-02-02 11:23:00,   5.81,   2.31,  96.2,  47.3,   3.2
2023-02-02 11:24:00,   5.77,   2.30,  93.9,  34.8,   3.3
2023-02-02 11:25:00,   5.70,   2.29,  91.1,  25.6,   3.1
2023-02-02 11:26:00,   5.88,   2.73,  88.7,  23.0,   2.1
2023-02-02 11:27:00,   6.00,   2.37,  86.8,  21.9,   2.9
2023-02-02 11:28:00,   6.22,   1.98,  89.4,  35.3,   0.6
2023-02-02 11:29:00,   6.33,   1.96,  93.0,  57.7,   0.0
2023-02-02 11:30:00,   6.37,   2.03,  98.1,  66.2,   4.2
2023-02-02 11:31:00,   6.28,   2.01, 102.3,  79.0,   2.6
2023-02-02 11:32:00,   6.35,   2.40, 104.1,  86.1,   6.6
2023-02-02 11:33:00,   6.16,   1.83,  99.1,  57.7,   6.2
2023-02-02 11:34:00,   6.13,   2.55,  96.3,  33.7,   2.6
2023-02-02 11:35:00,   6.37,   1.49,  95.1,  28.4,   2.5
2023-02-02 11:36:00,   5.88,   1.59,  94.9,  39.0,   5.0
2023-02-02 11:37:00,   5.83,   1.61,  93.0,  27.3,   2.5
2023-02-02 11:38:00,   5.81,   1.61,  90.6,  22.9,   1.8
2023-02-02 11:39:00,   5.77,   1.62,  88.3,  21.7,   4.2
2023-02-02 11:40:00,   5.71,   1.74,  85.6,  21.5,   1.6
2023-02-02 11:41:00,   6.01,   1.89,  83.7,  21.2,   0.1
2023-02-02 11:42:00,   6.01,   2.32,  87.9,  21.0,   0.0
2023-02-02 11:43:00,   6.15,   2.34,  92.7,  20.9,   1.5
2023-02-02 11:44:00,   6.24,   2.36,  96.4,  42.4,   1.2
2023-02-02 11:45:00,   6.28,   2.38,  98.0,  66.5,   2.8
2023-02-02 11:46:00,   6.41,   2.37,  98.4,  74.3,   1.4
2023-02-02 11:47:00,   6.43,   2.28,  98.8,  77.8,   2.2
2023-02-02 11:48:00,   6.48,   2.22,  99.3,  78.7,   1.5
2023-02-02 11:49:00,   6.37,   1.89,  99.9,  77.8,   1.4
2023-02-02 11:50:00,   6.07,   2.01,  99.3,  76.8,   0.2
2023-02-02 11:51:00,   6.01,   2.01,  97.4,  74.2,   0.2
2023-02-02 11:52:00,   6.37,   1.79,  94.6,  70.3,   2.2
2023-02-02 11:53:00,   5.96,   1.56,  92.2,  61.0,   3.1
2023-02-02 11:54:00,   5.94,   1.56,  90.4,  57.6,   0.0
2023-02-02 11:55:00,   5.92,   1.59,  88.7,  53.2,   1.0
2023-02-02 11:56:00,   6.39,   1.74,  85.9,  44.9,   1.4
2023-02-02 11:57:00,   6.26,   2.48,  86.1,  37.3,   2.2
2023-02-02 11:58:00,   6.41,   2.14,  84.3,  51.4,   1.0
2023-02-02 11:59:00,   6.48,   2.14,  93.3,  56.6,   0.7
2023-02-02 12:00:00,   6.58,   2.16, 100.7,  62.6,   0.8
2023-02-02 12:01:00,   6.56,   2.06, 104.2,  71.9,   0.0
2023-02-02 12:02:00,   6.56,   2.05, 105.3,  77.1,   0.2
2023-02-02 12:03:00,   6.39,   2.02, 106.0,  83.2,   0.0
2023-02-02 12:04:00,   6.28,   2.45, 106.1,  86.4,   0.8
2023-02-02 12:05:00,   5.94,   2.00,  99.3,  88.8,   2.4
2023-02-02 12:06:00,   5.90,   2.55,  95.2,  90.1,   0.1
2023-02-02 12:07:00,   6.13,   1.26,  94.1,  89.2,   0.4
2023-02-02 12:08:00,   5.86,   1.35,  94.1,  88.0,   0.2
2023-02-02 12:09:00,   5.79,   1.37,  92.1,  85.6,   0.1
2023-02-02 12:10:00,   5.75,   1.38,  89.9,  82.0,   0.3
2023-02-02 12:11:00,   5.71,   1.40,  87.2,  74.9,   0.0
2023-02-02 12:12:00,   5.68,   1.70,  84.8,  69.5,   0.5
2023-02-02 12:13:00,   6.05,   1.75,  83.8,  62.6,   2.9
2023-02-02 12:14:00,   6.07,   2.40,  88.7,  64.1,   0.0
2023-02-02 12:15:00,   6.46,   2.18,  93.5,  66.0,   0.4
2023-02-02 12:16:00,   6.39,   2.01,  95.2,  67.7,   0.2
2023-02-02 12:17:00,   6.46,   1.95,  98.2,  70.0,   0.1
2023-02-02 12:18:00,   6.56,   2.01, 103.8,  72.5,   0.0
2023-02-02 12:19:00,   6.54,   2.01, 108.5,  76.8,   0.4
2023-02-02 12:20:00,   6.46,   2.29, 110.0,  80.7,   0.0
2023-02-02 12:21:00,   6.48,   1.95, 106.8,  83.0,   0.0
2023-02-02 12:22:00,   6.13,   2.01, 104.6,  84.5,   0.0
2023-02-02 12:23:00,   6.01,   2.12, 103.3,  86.4,   0.0
2023-02-02 12:24:00,   6.18,   1.50, 101.1,  88.7,   0.1
2023-02-02 12:25:00,   5.98,   1.44, 100.0,  90.4,   0.0
2023-02-02 12:26:00,   5.88,   2.00,  98.2,  91.3,   2.4
2023-02-02 12:27:00,   6.26,   1.95,  96.5,  89.7,   2.7
2023-02-02 12:28:00,   6.41,   2.07,  99.8,  90.0,   0.0
2023-02-02 12:29:00,   6.56,   2.22, 105.8,  89.9,   0.0
2023-02-02 12:30:00,   6.69,   2.27, 108.9,  89.3,   0.2
2023-02-02 12:31:00,   6.60,   2.19, 109.5,  90.4,   0.9
2023-02-02 12:32:00,   6.58,   2.16, 109.5,  93.4,   0.5
2023-02-02 12:33:00,   6.60,   2.16, 109.5,  96.2,   0.0
2023-02-02 12:34:00,   6.41,   1.95, 109.2,  98.9,   0.4
2023-02-02 12:35:00,   6.39,   2.05, 107.1,  99.7,   6.5
2023-02-02 12:36:00,   6.13,   2.42, 100.6,  83.6,   6.0
2023-02-02 12:37:00,   6.09,   2.40,  97.5,  35.6,   4.6
2023-02-02 12:38:00,   6.03,   2.39,  94.8,  24.3,   3.6
2023-02-02 12:39:00,   6.00,   2.45,  92.6,  21.8,   0.8
2023-02-02 12:40:00,   6.35,   2.10,  91.6,  21.1,   1.4
2023-02-02 12:41:00,   6.58,   2.28,  97.8,  20.9,   0.7
2023-02-02 12:42:00,   6.67,   2.35, 103.1,  21.1,   0.2
2023-02-02 12:43:00,   6.60,   2.33, 105.0,  23.7,   0.0
2023-02-02 12:44:00,   6.61,   2.28, 105.4,  27.2,   0.0
2023-02-02 12:45:00,   6.65,   2.24, 105.7,  30.3,   0.0
2023-02-02 12:46:00,   6.67,   2.19, 106.1,  33.1,   0.6
2023-02-02 12:47:00,   6.46,   1.89, 106.3,  36.6,   0.0
2023-02-02 12:48:00,   6.41,   2.73, 105.1,  41.3,   0.0
2023-02-02 12:49:00,   6.60,   2.43, 101.6,  46.4,   0.0
2023-02-02 12:50:00,   6.88,   2.34,  96.6,  48.6,   0.1
2023-02-02 12:51:00,   6.91,   2.42,  93.8,  50.0,   0.0
2023-02-02 12:52:00,   6.67,   2.32,  95.5,  52.6,   0.0
2023-02-02 12:53:00,   6.56,   2.25,  96.5,  54.4,   1.0
2023-02-02 12:54:00,   6.31,   2.25,  97.4,  71.7,   0.2
2023-02-02 12:55:00,   6.15,   2.31,  97.9,  88.0,   1.5
2023-02-02 12:56:00,   6.13,   2.31,  97.3,  92.1,   0.0
2023-02-02 12:57:00,   6.13,   2.28,  96.7,  92.0,   0.0
2023-02-02 12:58:00,   6.18,   2.24,  96.5,  91.8,   0.0
2023-02-02 12:59:00,   6.24,   2.24,  97.1,  93.0,   4.4
2023-02-02 13:00:00,   6.30,   2.25,  97.9,  94.0,   4.7
2023-02-02 13:01:00,   6.43,   2.30,  98.8,  89.4,   4.6
2023-02-02 13:02:00,   6.41,   2.34,  99.4,  81.7,   4.6
2023-02-02 13:03:00,   6.41,   2.34,  99.4,  79.2,   4.2
2023-02-02 13:04:00,   6.43,   2.34,  99.4,  79.6,   4.4
2023-02-02 13:05:00,   6.45,   2.34,  99.5,  80.6,   3.7
2023-02-02 13:06:00,   6.46,   2.34,  99.6,  80.9,   3.7
2023-02-02 13:07:00,   6.52,   2.34,  99.7,  82.2,   0.0
2023-02-02 13:08:00,   6.56,   2.40, 100.2,  82.5,   2.3
2023-02-02 13:09:00,   6.60,   2.45, 100.3,  84.3,   0.0
2023-02-02 13:10:00,   6.67,   2.22,  98.0,  86.0,   0.0
2023-02-02 13:11:00,   6.69,   2.23,  99.0,  90.7,   2.0
2023-02-02 13:12:00,   6.80,   2.23, 101.9,  95.4,   0.8
2023-02-02 13:13:00,   6.84,   2.22, 104.4,  96.3,   1.4
2023-02-02 13:14:00,   6.84,   2.19, 106.5,  98.4,   2.4
2023-02-02 13:15:00,   6.71,   2.07, 107.6, 100.3,   3.9
2023-02-02 13:16:00,   6.60,   2.02, 108.6, 100.8,   0.2
2023-02-02 13:17:00,   6.31,   1.98, 109.8, 100.4,   0.0
2023-02-02 13:18:00,   5.96,   2.08, 108.9,  99.8,   6.0
2023-02-02 13:19:00,   5.98,   2.03, 106.1,  99.7,   0.9
2023-02-02 13:20:00,   6.13,   2.04, 104.2,  90.7,   0.4
2023-02-02 13:21:00,   6.22,   2.19, 103.9,  77.1,   0.0
2023-02-02 13:22:00,   6.20,   2.30, 104.1,  75.3,   5.8
2023-02-02 13:23:00,   6.22,   2.19, 103.4,  87.4,   4.6
2023-02-02 13:24:00,   6.18,   2.12, 103.0,  85.6,   3.9
2023-02-02 13:25:00,   6.43,   2.08, 103.0,  70.2,   1.8
2023-02-02 13:26:00,   6.46,   2.16, 103.7,  71.2,   5.5
2023-02-02 13:27:00,   6.69,   2.22, 104.8,  69.1,   2.9
2023-02-02 13:28:00,   6.71,   2.34, 106.1,  72.3,   4.1
2023-02-02 13:29:00,   6.69,   2.35, 106.2,  82.6,   4.9
2023-02-02 13:30:00,   6.43,   2.32, 105.0,  86.3,   4.0
2023-02-02 13:31:00,   6.26,   2.26, 103.7,  85.1,   2.8
2023-02-02 13:32:00,   6.33,   2.22, 102.5,  75.7,   1.4
2023-02-02 13:33:00,   6.45,   2.30, 102.2,  72.4,   4.3
2023-02-02 13:34:00,   6.48,   2.36, 102.4,  80.7,   3.2
2023-02-02 13:35:00,   6.61,   2.41, 101.6,  89.1,   0.0
2023-02-02 13:36:00,   6.61,   2.45,  99.7,  90.5,   3.3
2023-02-02 13:37:00,   6.67,   2.44, 100.4,  95.0,   3.2
2023-02-02 13:38:00,   6.76,   2.45, 101.5,  96.5,   0.2
2023-02-02 13:39:00,   6.78,   2.40, 102.1,  96.4,   0.2
2023-02-02 13:40:00,   6.76,   2.30, 103.0,  97.1,   3.5
2023-02-02 13:41:00,   6.75,   2.16, 104.1,  98.7,   0.0
2023-02-02 13:42:00,   6.43,   1.89, 105.2,  98.4,   0.0
2023-02-02 13:43:00,   6.31,   1.92, 104.8,  97.9,   0.0
2023-02-02 13:44:00,   6.24,   2.03, 103.7,  97.2,   2.5
2023-02-02 13:45:00,   5.58,   2.32, 102.3,  96.9,   3.3
2023-02-02 13:46:00,   5.94,   1.97,  99.9,  83.9,   5.8
2023-02-02 13:47:00,   6.03,   2.39,  98.7,  54.2,   1.4
2023-02-02 13:48:00,   5.96,   2.03,  97.8,  44.3,   0.0
2023-02-02 13:49:00,   6.07,   1.98,  99.5,  41.1,   0.9
2023-02-02 13:50:00,   6.22,   1.95, 102.2,  47.9,   0.0
2023-02-02 13:51:00,   6.31,   2.05, 104.4,  55.2,   0.0
2023-02-02 13:52:00,   6.46,   2.10, 106.2,  64.2,   0.3
2023-02-02 13:53:00,   6.73,   2.43, 107.8,  70.8,   0.0
2023-02-02 13:54:00,   6.86,   2.15, 105.6,  77.4,   0.0
2023-02-02 13:55:00,   6.48,   1.99, 104.8,  84.5,   0.0
2023-02-02 13:56:00,   6.58,   2.02, 104.9,  83.5,   0.0
2023-02-02 13:57:00,   6.46,   2.07, 105.2,  82.5,   0.0
2023-02-02 13:58:00,   6.33,   1.98, 106.3,  85.0,   0.0
2023-02-02 13:59:00,   6.37,   2.03, 107.7,  86.3,   0.0
2023-02-02 14:00:00,   6.50,   2.04, 108.8,  86.5,   0.0
2023-02-02 14:01:00,   6.61,   2.08, 109.8,  86.3,   0.3
2023-02-02 14:02:00,   6.65,   2.14, 110.7,  92.6,   0.4
2023-02-02 14:03:00,   6.65,   2.16, 111.0,  96.4,   0.5
2023-02-02 14:04:00,   6.58,   2.10, 110.7,  99.1,   1.3
2023-02-02 14:05:00,   6.33,   2.07, 109.7, 101.0,   2.0
2023-02-02 14:06:00,   6.50,   1.67, 107.7, 101.1,   3.9
2023-02-02 14:07:00,   6.24,   1.57, 106.1,  98.2,   8.0
2023-02-02 14:08:00,   6.18,   1.64, 104.1,  50.7,   4.4
2023-02-02 14:09:00,   6.88,   1.83, 101.7,  27.6,   3.8
2023-02-02 14:10:00,   6.50,   2.55, 100.3,  37.5,   0.9
2023-02-02 14:11:00,   6.54,   2.10,  98.4,  51.7,   0.5
2023-02-02 14:12:00,   6.58,   2.10, 101.0,  53.0,   0.0
2023-02-02 14:13:00,   6.58,   2.07, 104.0,  54.7,   0.0
2023-02-02 14:14:00,   6.54,   1.98, 106.3,  58.3,   0.3
2023-02-02 14:15:00,   6.67,   2.21, 107.7,  66.9,   0.0
2023-02-02 14:16:00,   6.65,   2.31, 108.6,  76.0,   0.0
2023-02-02 14:17:00,   6.63,   2.43, 108.5,  82.3,   0.5
2023-02-02 14:18:00,   6.75,   2.06, 106.3,  92.3,   2.7
2023-02-02 14:19:00,   6.56,   1.98, 103.4,  97.0,   7.1
2023-02-02 14:20:00,   6.60,   2.01, 105.7,  81.9,   4.3
2023-02-02 14:21:00,   6.65,   2.02, 108.0,  68.8,   3.8
2023-02-02 14:22:00,   6.61,   2.04, 109.7,  68.9,   2.9
2023-02-02 14:23:00,   6.69,   2.04, 110.9,  72.1,   2.7
2023-02-02 14:24:00,   6.65,   2.07, 111.7,  77.4,   2.9
2023-02-02 14:25:00,   6.71,   2.10, 112.1,  80.9,   2.9
2023-02-02 14:26:00,   6.69,   2.10, 112.2,  83.4,   5.3
2023-02-02 14:27:00,   6.58,   2.07, 111.8,  83.4,   4.0
2023-02-02 14:28:00,   6.69,   2.02, 111.1,  76.2,   4.1
2023-02-02 14:29:00,   6.67,   2.09, 110.6,  70.0,   3.4
2023-02-02 14:30:00,   6.75,   2.15, 110.3,  73.9,   2.4
2023-02-02 14:31:00,   6.73,   2.16, 109.9,  81.5,   2.7
2023-02-02 14:32:00,   6.73,   2.23, 109.4,  84.4,   3.1
2023-02-02 14:33:00,   6.73,   2.28, 108.8,  88.0,   3.2
2023-02-02 14:34:00,   6.71,   2.30, 107.9,  91.6,   3.6
2023-02-02 14:35:00,   6.63,   2.25, 107.0,  94.6,   4.1
2023-02-02 14:36:00,   6.58,   2.16, 106.2,  93.7,   4.3
2023-02-02 14:37:00,   6.58,   2.14, 106.0,  86.5,   3.8
2023-02-02 14:38:00,   6.80,   2.19, 106.3,  78.3,   3.9
2023-02-02 14:39:00,   6.88,   2.27, 107.2,  76.7,   1.6
2023-02-02 14:40:00,   6.82,   2.33, 107.7,  81.4,   3.3
2023-02-02 14:41:00,   6.80,   2.35, 107.3,  90.2,   2.5
2023-02-02 14:42:00,   6.82,   2.39, 106.5,  92.9,   2.8
2023-02-02 14:43:00,   6.82,   2.39, 105.9,  94.7,   0.0
2023-02-02 14:44:00,   6.69,   2.40, 105.2,  94.8,   0.1
2023-02-02 14:45:00,   6.50,   2.26, 104.4,  94.2,   0.1
2023-02-02 14:46:00,   6.31,   2.22, 103.7,  93.6,   1.3
2023-02-02 14:47:00,   6.18,   2.19, 102.6,  93.0,   0.0
2023-02-02 14:48:00,   6.07,   2.23, 101.5,  95.2,   0.0
2023-02-02 14:49:00,   6.11,   2.23, 100.6,  97.0,   3.8
2023-02-02 14:50:00,   6.07,   2.20,  99.9,  96.6,   4.3
2023-02-02 14:51:00,   6.09,   2.19,  99.5,  94.2,   7.0
2023-02-02 14:52:00,   6.24,   2.18,  99.4,  79.9,   4.4
2023-02-02 14:53:00,   6.37,   2.26, 100.3,  74.2,   0.4
2023-02-02 14:54:00,   6.33,   2.31, 100.9,  73.5,   1.9
2023-02-02 14:55:00,   6.31,   2.33, 100.6,  85.3,   3.2
2023-02-02 14:56:00,   6.37,   2.29, 100.0,  91.2,   1.2
2023-02-02 14:57:00,   6.31,   2.24, 100.1,  92.2,   7.6
2023-02-02 14:58:00,   6.30,   2.13, 100.1,  88.4,   7.8
2023-02-02 14:59:00,   6.48,   2.16, 100.5,  60.8,   3.7
2023-02-02 15:00:00,   6.52,   2.21, 101.8,  50.0,   3.9
2023-02-02 15:01:00,   6.54,   2.26, 102.9,  66.7,   1.4
2023-02-02 15:02:00,   6.48,   2.22, 103.3,  76.0,   1.7
2023-02-02 15:03:00,   6.46,   2.18, 103.4,  83.6,   1.3
2023-02-02 15:04:00,   6.43,   2.11, 103.4,  89.7,   4.6
2023-02-02 15:05:00,   6.15,   2.52, 103.1,  85.7,   5.9
2023-02-02 15:06:00,   6.24,   1.92, 101.7,  59.6,   4.5
2023-02-02 15:07:00,   6.37,   1.71, 100.3,  40.4,   2.6
2023-02-02 15:08:00,   6.00,   1.71,  99.7,  44.7,   3.8
2023-02-02 15:09:00,   5.98,   1.71,  98.5,  36.3,   3.0
2023-02-02 15:10:00,   5.92,   1.72,  96.0,  27.6,   0.2
2023-02-02 15:11:00,   5.88,   1.72,  93.8,  25.0,   0.6
2023-02-02 15:12:00,   6.84,   2.11,  91.1,  23.8,   5.1
2023-02-02 15:13:00,   6.22,   2.02,  90.1,  39.6,   1.6
2023-02-02 15:14:00,   6.39,   2.11,  97.7,  56.2,   2.7
2023-02-02 15:15:00,   6.50,   2.18, 103.8,  64.6,   1.8
2023-02-02 15:16:00,   6.56,   2.16, 106.2,  75.6,   2.1
2023-02-02 15:17:00,   6.43,   2.08, 107.1,  86.2,   3.3
2023-02-02 15:18:00,   6.05,   2.37, 106.8,  94.4,   4.2
2023-02-02 15:19:00,   6.35,   1.72, 104.9,  87.1,   3.9
2023-02-02 15:20:00,   6.01,   2.03, 103.3,  63.1,   2.3
2023-02-02 15:21:00,   5.98,   2.01, 101.1,  34.8,   2.2
2023-02-02 15:22:00,   5.90,   2.01,  98.4,  25.1,   3.5
2023-02-02 15:23:00,   5.86,   2.00,  96.1,  22.9,   2.1
2023-02-02 15:24:00,   5.83,   1.99,  93.4,  20.6,   4.1
2023-02-02 15:25:00,   5.79,   2.42,  90.1,  19.6,   1.4
2023-02-02 15:26:00,   6.24,   1.99,  88.0,  19.5,   3.7
2023-02-02 15:27:00,   6.31,   2.19,  93.0,  36.5,   1.5
2023-02-02 15:28:00,   6.45,   2.25,  99.1,  61.3,   4.7
2023-02-02 15:29:00,   6.48,   2.22, 102.3,  76.1,   0.4
2023-02-02 15:30:00,   6.56,   2.19, 103.9,  81.4,   0.7
2023-02-02 15:31:00,   6.54,   2.12, 104.8,  83.0,   1.0
2023-02-02 15:32:00,   6.15,   2.43, 104.9,  86.4,   3.2
2023-02-02 15:33:00,   6.05,   2.42, 103.3,  90.9,   2.2
2023-02-02 15:34:00,   6.39,   1.84, 100.6,  78.3,   6.6
2023-02-02 15:35:00,   5.98,   1.58,  98.8,  53.3,   3.3
2023-02-02 15:36:00,   5.94,   1.60,  96.8,  32.0,   3.0
2023-02-02 15:37:00,   5.90,   1.60,  94.5,  24.4,   2.4
2023-02-02 15:38:00,   5.85,   1.61,  91.9,  22.3,   7.4
2023-02-02 15:39:00,   5.81,   1.62,  89.0,  18.5,   4.2
2023-02-02 15:40:00,   5.75,   1.85,  85.0,  16.4,   1.6
2023-02-02 15:41:00,   6.07,   1.68,  82.1,  16.5,   1.8
2023-02-02 15:42:00,   6.09,   2.31,  85.9,  22.2,   0.6
2023-02-02 15:43:00,   6.16,   2.32,  91.8,  39.5,   3.0
2023-02-02 15:44:00,   6.26,   2.36,  96.0,  60.2,   3.2
2023-02-02 15:45:00,   6.30,   2.37,  97.7,  59.4,   3.6
2023-02-02 15:46:00,   6.33,   2.35,  98.4,  57.7,   6.4
2023-02-02 15:47:00,   6.37,   2.28,  98.7,  53.7,   5.4
2023-02-02 15:48:00,   6.41,   2.24,  99.1,  50.1,   3.2
2023-02-02 15:49:00,   6.37,   2.18,  99.4,  48.7,   5.7
2023-02-02 15:50:00,   5.98,   1.91,  99.4,  45.7,   3.9
2023-02-02 15:51:00,   5.96,   2.52,  97.9,  31.3,   5.2
2023-02-02 15:52:00,   6.03,   1.67,  94.1,  25.3,   4.6
2023-02-02 15:53:00,   5.92,   1.79,  92.6,  36.3,   3.8
2023-02-02 15:54:00,   5.92,   1.79,  90.4,  26.6,   1.5
2023-02-02 15:55:00,   5.86,   1.79,  88.2,  23.3,   1.8
2023-02-02 15:56:00,   6.56,   2.15,  85.2,  21.6,   4.2
2023-02-02 15:57:00,   6.16,   2.53,  84.4,  35.4,   3.3
2023-02-02 15:58:00,   6.33,   2.12,  83.6,  41.1,   2.3
2023-02-02 15:59:00,   6.43,   2.13,  93.2,  50.5,   0.0
2023-02-02 16:00:00,   6.54,   2.14,  99.6,  57.1,   1.5
2023-02-02 16:01:00,   6.41,   2.10, 103.6,  69.9,   0.0
2023-02-02 16:02:00,   6.16,   2.42, 104.8,  78.8,   3.2
2023-02-02 16:03:00,   6.39,   2.09,  98.3,  83.4,   5.6
2023-02-02 16:04:00,   5.94,   1.98,  89.2,  64.4,   4.6
2023-02-02 16:05:00,   5.92,   2.04,  85.6,  40.1,   5.6
2023-02-02 16:06:00,   6.11,   1.51,  84.1,  25.4,   3.8
2023-02-02 16:07:00,   5.83,   1.36,  86.5,  31.4,   3.9
2023-02-02 16:08:00,   5.79,   1.38,  85.9,  24.0,   4.6
2023-02-02 16:09:00,   5.77,   2.73,  84.0,  20.1,   6.0
2023-02-02 16:10:00,   5.92,   2.05,  85.6,  23.9,   3.5
2023-02-02 16:11:00,   6.15,   2.37,  90.8,  44.1,   4.5
2023-02-03 07:14:00,   4.40,   1.83,  13.3,  10.9,   0.1
2023-02-03 07:15:00,   4.35,   1.98,  12.8,  10.9,   0.7
2023-02-03 07:16:00,   4.66,   2.93,  12.3,  10.9,   0.8
2023-02-03 07:17:00,   5.13,   2.46,  33.2,  10.8,   0.8
2023-02-03 07:18:00,   5.21,   2.42,  53.8,  10.7,   0.0
2023-02-03 07:19:00,   5.25,   2.12,  65.2,  11.8,   0.4
2023-02-03 07:20:00,   5.38,   2.31,  71.3,  14.4,   0.4
2023-02-03 07:21:00,   5.49,   2.22,  75.4,  20.1,   0.1
2023-02-03 07:22:00,   5.66,   2.30,  79.3,  28.3,   0.2
2023-02-03 07:23:00,   5.75,   2.28,  82.1,  35.2,   0.0
2023-02-03 07:24:00,   5.88,   2.23,  84.5,  48.5,   0.0
2023-02-03 07:25:00,   6.05,   2.38,  86.9,  55.7,   0.0
2023-02-03 07:26:00,   6.18,   2.35,  88.6,  53.8,   0.0
2023-02-03 07:27:00,   6.33,   2.36,  90.2,  52.8,   0.0
2023-02-03 07:28:00,   6.48,   2.37,  92.5,  51.9,   0.0
2023-02-03 07:29:00,   6.61,   2.46,  93.8,  51.9,   0.0
2023-02-03 07:30:00,   6.76,   2.44,  95.9,  52.9,   1.5
2023-02-03 07:31:00,   6.91,   2.47,  97.6,  54.4,   0.0
2023-02-03 07:32:00,   7.05,   2.43,  96.2,  55.2,   0.0
2023-02-03 07:33:00,   7.14,   2.43,  97.5,  55.9,   0.0
2023-02-03 07:34:00,   7.06,   2.30,  99.8,  54.9,   0.0
2023-02-03 07:35:00,   6.76,   2.31, 101.5,  54.7,   0.0
2023-02-03 07:36:00,   6.52,   2.26, 101.8,  54.3,   0.0
2023-02-03 07:37:00,   6.31,   2.12, 101.8,  54.1,   0.0
2023-02-03 07:38:00,   6.30,   2.04, 102.1,  53.5,   0.0
2023-02-03 07:39:00,   6.33,   2.04, 103.2,  53.7,   0.0
2023-02-03 07:40:00,   6.41,   2.04, 104.4,  53.3,   0.0
2023-02-03 07:41:00,   6.61,   2.16, 105.8,  53.0,   0.0
2023-02-03 07:42:00,   6.63,   2.03, 106.7,  54.4,   0.5
2023-02-03 07:43:00,   6.56,   2.04, 107.6,  68.2,   0.2
2023-02-03 07:44:00,   6.48,   1.99, 107.9,  80.5,   0.0
2023-02-03 07:45:00,   6.33,   2.25, 106.5,  80.8,   0.0
2023-02-03 07:46:00,   6.50,   1.68, 103.7,  79.2,   0.0
2023-02-03 07:47:00,   6.75,   2.22, 101.6,  77.3,   0.0
2023-02-03 07:48:00,   6.58,   2.11, 101.0,  75.6,   0.0
2023-02-03 07:49:00,   6.69,   2.16, 102.8,  78.3,   0.4
2023-02-03 07:50:00,   6.76,   2.16, 104.5,  80.0,   0.0
2023-02-03 07:51:00,   6.76,   2.20, 105.8,  81.7,   0.0
2023-02-03 07:52:00,   6.73,   2.19, 106.4,  83.7,   0.0
2023-02-03 07:53:00,   6.69,   2.16, 106.6,  81.8,   0.0
2023-02-03 07:54:00,   6.65,   2.11, 106.7,  81.1,   3.2
2023-02-03 07:55:00,   6.67,   2.03, 106.7,  97.0,   3.3
2023-02-03 07:56:00,   6.67,   2.19, 106.6,  98.4,   4.1
2023-02-03 07:57:00,   6.78,   2.37, 106.7,  90.3,   6.1
2023-02-03 07:58:00,   6.76,   2.34, 106.6,  70.5,   5.9
2023-02-03 07:59:00,   6.71,   2.31, 105.8,  47.7,   4.3
2023-02-03 08:00:00,   6.63,   2.22, 104.8,  34.5,   0.5
2023-02-03 08:01:00,   6.61,   2.22, 104.4,  31.5,   4.5
2023-02-03 08:02:00,   6.73,   2.25, 104.2,  59.3,   4.1
2023-02-03 08:03:00,   6.69,   2.30, 104.2,  59.9,   3.1
2023-02-03 08:04:00,   6.61,   2.39, 104.1,  60.2,   3.5
2023-02-03 08:05:00,   6.61,   2.43, 103.3,  66.3,   3.5
2023-02-03 08:06:00,   6.69,   2.43, 102.2,  69.9,   3.8
2023-02-03 08:07:00,   6.61,   2.41, 101.2,  69.9,   6.7
2023-02-03 08:08:00,   6.65,   2.37, 100.7,  59.6,   5.5
2023-02-03 08:09:00,   6.58,   2.34, 100.6,  56.0,   5.3
2023-02-03 08:10:00,   6.61,   2.31, 100.4,  54.6,   4.9
2023-02-03 08:11:00,   6.60,   2.28, 100.4,  55.0,   4.7
2023-02-03 08:12:00,   6.58,   2.31, 100.5,  54.8,   4.6
2023-02-03 08:13:00,   6.54,   2.33, 100.5,  55.0,   4.1
2023-02-03 08:14:00,   6.56,   2.35, 100.5,  55.7,   4.4
2023-02-03 08:15:00,   6.58,   2.34, 100.1,  58.7,   1.8
2023-02-03 08:16:00,   6.52,   2.35,  99.9,  60.5,   2.5
2023-02-03 08:17:00,   6.54,   2.34,  99.7,  68.8,   7.3
2023-02-03 08:18:00,   6.52,   2.33,  99.5,  56.1,   4.3
2023-02-03 08:19:00,   6.54,   2.40,  99.5,  55.4,   4.3
2023-02-03 08:20:00,   6.48,   2.40,  99.3,  60.2,   5.8
2023-02-03 08:21:00,   6.50,   2.41,  99.0,  60.0,   5.4
2023-02-03 08:22:00,   6.50,   2.43,  98.7,  61.4,   5.2
2023-02-03 08:23:00,   6.58,   2.45,  98.2,  60.2,   3.9
2023-02-03 08:24:00,   6.54,   2.19,  96.0,  61.5,   5.5
2023-02-03 08:25:00,   6.48,   2.14,  96.3,  63.7,   5.9
2023-02-03 08:26:00,   6.48,   2.14,  98.2,  62.3,   4.7
2023-02-03 08:27:00,   6.52,   2.14,  99.7,  63.0,   4.7
2023-02-03 08:28:00,   6.54,   2.15, 101.3,  64.1,   4.5
2023-02-03 08:29:00,   6.50,   2.15, 102.4,  65.4,   4.3
2023-02-03 08:30:00,   6.52,   2.16, 103.1,  65.6,   4.5
2023-02-03 08:31:00,   6.50,   2.15, 103.4,  67.9,   3.0
2023-02-03 08:32:00,   6.50,   2.12, 103.6,  69.5,   0.4
2023-02-03 08:33:00,   6.50,   2.10, 103.9,  70.9,   0.2
2023-02-03 08:34:00,   6.46,   1.97, 103.8,  71.0,   0.0
2023-02-03 08:35:00,   6.13,   2.23, 102.9,  71.0,   0.0
2023-02-03 08:36:00,   6.01,   2.22, 101.0,  76.3,   4.2
2023-02-03 08:37:00,   6.33,   1.58,  97.9,  64.7,   0.0
2023-02-03 08:38:00,   5.94,   1.82,  96.2,  53.3,   0.0
2023-02-03 08:39:00,   6.22,   1.74,  94.2,  49.6,   4.0
2023-02-03 08:40:00,   6.24,   2.41,  93.6,  56.2,   4.3
2023-02-03 08:41:00,   6.45,   2.22,  96.4,  69.7,   2.1
2023-02-03 08:42:00,   6.60,   2.25,  99.2,  74.9,   3.1
2023-02-03 08:43:00,   6.61,   2.28, 101.9,  75.8,   4.2
2023-02-03 08:44:00,   6.56,   2.28, 103.4,  85.1,   1.0
2023-02-03 08:45:00,   6.60,   2.25, 103.7,  87.9,   0.0
2023-02-03 08:46:00,   6.56,   2.27, 103.9,  87.7,   0.8
2023-02-03 08:47:00,   6.50,   2.25, 103.8,  87.3,   0.5
2023-02-03 08:48:00,   6.45,   2.18, 103.4,  94.0,   3.9
2023-02-03 08:49:00,   6.54,   2.15, 103.2,  95.3,   3.7
2023-02-03 08:50:00,   6.63,   2.14, 103.5,  92.7,   0.0
2023-02-03 08:51:00,   6.61,   2.21, 104.5,  90.2,   4.8
2023-02-03 08:52:00,   6.56,   2.19, 105.1,  90.0,   0.0
2023-02-03 08:53:00,   6.63,   2.21, 105.5,  85.6,   0.0
2023-02-03 08:54:00,   6.61,   2.22, 105.8,  84.2,   3.2
2023-02-03 08:55:00,   6.50,   2.16, 105.6,  91.2,   4.3
2023-02-03 08:56:00,   6.60,   2.11, 105.3,  89.3,   4.8
2023-02-03 08:57:00,   6.63,   2.12, 105.3,  75.7,   4.6
2023-02-03 08:58:00,   6.76,   2.15, 105.8,  69.6,   1.5
2023-02-03 08:59:00,   6.65,   2.15, 106.4,  71.7,   1.8
2023-02-03 09:00:00,   6.56,   2.10, 106.5,  79.5,   0.1
2023-02-03 09:01:00,   6.60,   1.95, 106.4,  82.7,   0.5
2023-02-03 09:02:00,   6.54,   1.72, 105.5,  82.2,   0.8
2023-02-03 09:03:00,   6.22,   1.57, 104.4,  80.8,   1.2
2023-02-03 09:04:00,   6.11,   2.37, 102.7,  78.2,   2.0
2023-02-03 09:05:00,   6.07,   2.34,  99.6,  73.6,   0.1
2023-02-03 09:06:00,   6.00,   2.32,  97.0,  62.3,   5.3
2023-02-03 09:07:00,   5.94,   2.31,  94.0,  35.0,   3.6
2023-02-03 09:08:00,   6.30,   1.70,  91.4,  26.5,   0.0
2023-02-03 09:09:00,   6.50,   2.09,  87.9,  25.0,   2.5
2023-02-03 09:10:00,   6.48,   2.10,  91.7,  24.1,   0.1
2023-02-03 09:11:00,   6.56,   2.18, 100.4,  26.7,   0.0
2023-02-03 09:12:00,   6.67,   2.22, 105.1,  30.1,   0.3
2023-02-03 09:13:00,   6.58,   2.18, 106.8,  43.5,   0.0
2023-02-03 09:14:00,   6.56,   2.16, 107.1,  48.8,   0.6
2023-02-03 09:15:00,   6.58,   2.16, 107.2,  71.8,   2.8
2023-02-03 09:16:00,   6.61,   2.15, 107.4,  93.8,   0.3
2023-02-03 09:17:00,   6.71,   2.16, 107.7,  94.9,   1.0
2023-02-03 09:18:00,   6.65,   2.19, 108.1,  96.0,   2.4
2023-02-03 09:19:00,   6.69,   2.18, 108.1,  97.8,   0.3
2023-02-03 09:20:00,   6.65,   2.19, 108.3,  98.7,   3.0
2023-02-03 09:21:00,   6.65,   2.19, 108.3, 100.3,   4.3
2023-02-03 09:22:00,   6.76,   2.18, 108.4,  98.1,   4.9
2023-02-03 09:23:00,   6.76,   2.17, 108.6,  90.4,   4.6
2023-02-03 09:24:00,   6.75,   2.19, 108.7,  82.6,   3.8
2023-02-03 09:25:00,   6.75,   2.20, 108.7,  79.9,   0.1
2023-02-03 09:26:00,   6.63,   2.21, 108.7,  79.4,   5.0
2023-02-03 09:27:00,   6.67,   2.16, 108.5,  91.5,   0.0
2023-02-03 09:28:00,   6.71,   2.16, 108.3,  92.4,   0.4
2023-02-03 09:29:00,   6.75,   2.14, 108.3,  92.5,   0.0
2023-02-03 09:30:00,   6.71,   2.13, 108.5,  93.8,   0.0
2023-02-03 09:31:00,   6.69,   2.10, 108.6,  95.7,   2.8
2023-02-03 09:32:00,   6.76,   2.07, 108.6,  97.4,   0.1
2023-02-03 09:33:00,   6.80,   2.05, 108.5,  98.1,   3.9
2023-02-03 09:34:00,   6.69,   2.04, 108.6,  97.0,   5.2
2023-02-03 09:35:00,   6.33,   2.05, 108.3,  80.6,   7.3
2023-02-03 09:36:00,   6.07,   2.07, 107.2,  62.5,   0.0
2023-02-03 09:37:00,   5.96,   2.10, 105.8,  63.4,   2.9
2023-02-03 09:38:00,   6.00,   2.07, 104.6,  69.1,   1.0
2023-02-03 09:39:00,   6.00,   2.09, 103.9,  69.7,   2.7
2023-02-03 09:40:00,   6.09,   2.06, 103.3,  78.2,   2.8
2023-02-03 09:41:00,   6.16,   2.06, 103.1,  84.2,   3.9
2023-02-03 09:42:00,   6.24,   2.06, 103.3,  77.1,   3.9
2023-02-03 09:43:00,   6.28,   2.06, 103.8,  69.5,   4.1
2023-02-03 09:44:00,   6.35,   2.06, 104.3,  66.3,   3.3
2023-02-03 09:45:00,   6.35,   2.06, 104.8,  65.6,   2.8
2023-02-03 09:46:00,   6.41,   2.06, 105.3,  69.0,   2.4
2023-02-03 09:47:00,   6.43,   2.07, 105.8,  71.3,   2.4
2023-02-03 09:48:00,   6.45,   2.08, 106.2,  74.4,   2.3
2023-02-03 09:49:00,   6.48,   2.08, 106.7,  76.2,   4.2
2023-02-03 09:50:00,   6.52,   2.08, 107.1,  76.3,   4.2
2023-02-03 09:51:00,   6.61,   2.07, 107.5,  71.9,   4.0
2023-02-03 09:52:00,   6.43,   2.04, 107.8,  69.1,   4.3
2023-02-03 09:53:00,   6.11,   2.07, 107.4,  64.8,   1.9
2023-02-03 09:54:00,   6.07,   2.07, 106.3,  64.9,   1.9
2023-02-03 09:55:00,   6.13,   2.08, 105.3,  70.1,   1.9
2023-02-03 09:56:00,   6.11,   2.07, 104.9,  78.5,   2.2
2023-02-03 09:57:00,   6.13,   2.09, 104.6,  81.8,   2.9
2023-02-03 09:58:00,   6.16,   2.11, 104.3,  83.6,   2.9
2023-02-03 09:59:00,   6.20,   2.13, 104.2,  83.5,   1.2
2023-02-03 10:00:00,   6.18,   2.14, 104.2,  83.0,   1.0
2023-02-03 10:01:00,   6.18,   2.15, 104.0,  84.7,   2.5
2023-02-03 10:02:00,   6.22,   2.15, 103.6,  89.7,   0.0
2023-02-03 10:03:00,   6.31,   2.16, 103.6,  90.3,   1.6
2023-02-03 10:04:00,   6.31,   2.17, 103.5,  90.3,   0.2
2023-02-03 10:05:00,   6.33,   2.20, 103.5,  90.3,   0.0
2023-02-03 10:06:00,   6.35,   2.20, 103.5,  90.8,   0.1
2023-02-03 10:07:00,   6.35,   2.20, 103.4,  95.7,   3.6
2023-02-03 10:08:00,   6.41,   2.19, 103.4,  97.3,   2.6
2023-02-03 10:09:00,   6.41,   2.17, 103.6,  96.9,   3.0
2023-02-03 10:10:00,   6.45,   2.17, 103.7,  97.1,   0.1
2023-02-03 10:11:00,   6.54,   2.19, 104.0,  96.4,   0.2
2023-02-03 10:12:00,   6.46,   2.19, 104.5,  95.5,   0.0
2023-02-03 10:13:00,   6.37,   2.11, 104.6,  94.8,   4.2
2023-02-03 10:14:00,   6.46,   1.90, 104.4,  97.3,   2.3
2023-02-03 10:15:00,   6.20,   1.85, 100.0,  97.0,   0.0
2023-02-03 10:16:00,   6.03,   2.04,  91.0,  94.5,   3.1
2023-02-03 10:17:00,   6.33,   2.13,  87.3,  85.2,   0.0
2023-02-03 10:18:00,   6.18,   1.86,  88.2,  79.7,   0.0
2023-02-03 10:19:00,   6.24,   2.03,  90.3,  71.3,   1.4
2023-02-03 10:20:00,   6.35,   1.91,  95.3,  69.0,   0.0
2023-02-03 10:21:00,   6.30,   2.28,  93.9,  70.0,   0.6
2023-02-03 10:22:00,   6.35,   2.22,  86.8,  69.8,   4.6
2023-02-03 10:23:00,   6.48,   2.44,  85.1,  55.6,   3.2
2023-02-03 10:24:00,   6.61,   2.20,  89.3,  51.0,   2.1
2023-02-03 10:25:00,   6.56,   2.24,  96.2,  64.3,   3.2
2023-02-03 10:26:00,   6.65,   2.31, 100.2,  76.2,   5.4
2023-02-03 10:27:00,   6.71,   2.40, 102.6,  73.7,   0.0
2023-02-03 10:28:00,   6.60,   2.25, 102.6,  77.4,   2.9
2023-02-03 10:29:00,   6.56,   2.20, 102.8,  89.5,   2.3
2023-02-03 10:30:00,   6.61,   2.19, 104.0,  91.5,   0.0
2023-02-03 10:31:00,   6.63,   2.17, 105.1,  91.4,   1.3
2023-02-03 10:32:00,   6.67,   2.14, 106.2,  91.0,   0.0
2023-02-03 10:33:00,   6.61,   1.99, 107.3,  90.9,   3.4
2023-02-03 10:34:00,   6.46,   1.79, 107.5,  97.1,   3.7
2023-02-03 10:35:00,   6.30,   2.79, 106.2,  99.0,   0.4
2023-02-03 10:36:00,   6.31,   1.47, 100.6,  96.8,   0.0
2023-02-03 10:37:00,   6.20,   1.50,  97.1,  87.3,   4.8
2023-02-03 10:38:00,   6.22,   2.77,  94.8,  60.4,   4.5
2023-02-03 10:39:00,   6.37,   1.92,  93.5,  37.8,   1.5
2023-02-03 10:40:00,   6.48,   2.11,  93.4,  52.6,   0.0
2023-02-03 10:41:00,   6.56,   2.07,  95.6,  52.5,   0.9
2023-02-03 10:42:00,   6.56,   2.07,  98.7,  53.6,   0.0
2023-02-03 10:43:00,   6.56,   2.05, 101.8,  56.3,   0.3
2023-02-03 10:44:00,   6.65,   2.05, 104.0,  59.1,   1.7
2023-02-03 10:45:00,   6.63,   2.07, 105.6,  68.2,   1.6
2023-02-03 10:46:00,   6.65,   2.04, 107.2,  86.9,   0.0
2023-02-03 10:47:00,   6.67,   2.08, 108.6,  87.1,   0.0
2023-02-03 10:48:00,   6.65,   2.06, 109.2,  86.8,   0.0
2023-02-03 10:49:00,   6.61,   2.03, 109.8,  86.2,   0.0
2023-02-03 10:50:00,   6.61,   2.13, 110.7,  86.2,   0.3
2023-02-03 10:51:00,   6.69,   2.14, 111.8,  90.9,   1.3
2023-02-03 10:52:00,   6.65,   2.22, 112.7,  97.0,   0.0
2023-02-03 10:53:00,   6.71,   2.31, 111.9,  98.9,   0.0
2023-02-03 10:54:00,   6.75,   2.25, 110.0, 100.7,   2.2
2023-02-03 10:55:00,   6.73,   2.30, 108.6,  95.3,   3.3
2023-02-03 10:56:00,   6.69,   2.39, 106.9,  84.7,   1.0
2023-02-03 10:57:00,   6.71,   2.43, 104.7,  81.6,   1.8
2023-02-03 10:58:00,   6.76,   2.37, 103.1,  85.5,   2.3
2023-02-03 10:59:00,   6.65,   2.43, 102.3,  87.8,   0.1
2023-02-03 11:00:00,   6.71,   2.43, 101.5,  87.5,   0.3
2023-02-03 11:01:00,   6.65,   2.43, 100.9,  87.5,   3.7
2023-02-03 11:02:00,   6.71,   2.34, 100.4,  91.4,   1.1
2023-02-03 11:03:00,   6.69,   2.40, 100.5,  91.6,   0.0
2023-02-03 11:04:00,   6.71,   2.34, 100.6,  91.0,   2.1
2023-02-03 11:05:00,   6.65,   1.98, 100.8,  89.8,   0.8
2023-02-03 11:06:00,   6.31,   1.95, 100.5,  89.8,   3.4
2023-02-03 11:07:00,   6.22,   2.52,  98.7,  91.1,   0.2
2023-02-03 11:08:00,   6.30,   1.50,  94.7,  88.5,   3.2
2023-02-03 11:09:00,   6.18,   1.56,  91.9,  83.6,   0.0
2023-02-03 11:10:00,   6.11,   2.48,  89.3,  74.5,   4.7
2023-02-03 11:11:00,   6.33,   1.81,  87.6,  49.3,   3.4
2023-02-03 11:12:00,   6.45,   1.92,  83.6,  55.5,   3.2
2023-02-03 11:13:00,   6.52,   2.10,  90.5,  62.4,   5.9
2023-02-03 11:14:00,   6.69,   2.10,  99.5,  62.4,   5.2
2023-02-03 11:15:00,   6.60,   2.16, 104.8,  48.9,   2.9
2023-02-03 11:16:00,   6.54,   2.14, 106.9,  34.5,   2.3
2023-02-03 11:17:00,   6.54,   2.10, 107.5,  39.9,   1.2
2023-02-03 11:18:00,   6.58,   2.09, 107.7,  62.5,   3.5
2023-02-03 11:19:00,   6.60,   2.06, 107.7,  80.5,   4.5
2023-02-03 11:20:00,   6.61,   1.98, 107.7,  76.2,   5.6
2023-02-03 11:21:00,   6.45,   2.07, 106.6,  62.6,   5.7
2023-02-03 11:22:00,   6.15,   1.98, 100.4,  47.6,   5.3
2023-02-03 11:23:00,   6.07,   2.46,  97.3,  30.9,   3.4
2023-02-03 11:24:00,   6.31,   1.44,  95.3,  25.2,   4.6
2023-02-03 11:25:00,   6.05,   1.92,  95.1,  35.0,   2.3
2023-02-03 11:26:00,   6.41,   1.89,  94.5,  30.0,   0.1
2023-02-03 11:27:00,   6.45,   2.01,  98.3,  28.0,   0.0
2023-02-03 11:28:00,   6.58,   2.06, 105.5,  27.2,   0.0
2023-02-03 11:29:00,   6.60,   2.10, 109.3,  27.3,   0.1
2023-02-03 11:30:00,   6.58,   2.10, 110.6,  27.6,   0.0
2023-02-03 11:31:00,   6.60,   2.11, 111.2,  28.0,   0.0
2023-02-03 11:32:00,   6.58,   2.10, 111.2,  56.3,   5.2
2023-02-03 11:33:00,   6.58,   2.07, 110.9,  94.9,   2.0
2023-02-03 11:34:00,   6.65,   2.04, 110.2,  98.7,   2.7
2023-02-03 11:35:00,   6.63,   1.95, 110.0,  99.0,   4.0
2023-02-03 11:36:00,   6.35,   1.92, 106.7,  88.6,   7.1
2023-02-03 11:37:00,   6.18,   1.98, 101.6,  53.2,   4.9
2023-02-03 11:38:00,   6.33,   2.27,  98.2,  28.0,   7.0
2023-02-03 11:39:00,   6.35,   1.35,  97.1,  28.5,   6.8
2023-02-03 11:40:00,   6.11,   1.42,  96.4,  31.1,   1.8
2023-02-03 11:41:00,   6.03,   1.43,  94.6,  27.0,   6.1
2023-02-03 11:42:00,   6.18,   2.57,  92.1,  22.1,   0.2
2023-02-03 11:43:00,   6.43,   1.99,  93.0,  20.2,   0.0
2023-02-03 11:44:00,   6.48,   2.11,  99.6,  19.7,   0.1
2023-02-03 11:45:00,   6.56,   2.12, 104.6,  19.5,   0.0
2023-02-03 11:46:00,   6.56,   2.13, 107.5,  19.3,   0.0
2023-02-03 11:47:00,   6.58,   2.13, 108.6,  19.1,   0.0
2023-02-03 11:48:00,   6.56,   2.10, 109.0,  19.0,   0.0
2023-02-03 11:49:00,   6.52,   2.04, 109.2,  19.0,   0.0
2023-02-03 11:50:00,   6.46,   2.03, 108.9,  19.5,   0.0
2023-02-03 11:51:00,   6.39,   1.80, 105.5,  20.5,   1.5
2023-02-03 11:52:00,   6.30,   1.68, 102.3,  54.2,   0.8
2023-02-03 11:53:00,   6.18,   2.40,  99.7,  79.7,   0.5
2023-02-03 11:54:00,   6.45,   1.51,  97.6,  88.5,   0.0
2023-02-03 11:55:00,   6.18,   1.43,  96.4,  90.2,   0.1
2023-02-03 11:56:00,   6.11,   1.43,  94.2,  90.4,   0.0
2023-02-03 11:57:00,   6.03,   1.44,  92.0,  88.9,   0.7
2023-02-03 11:58:00,   5.96,   2.54,  89.8,  82.7,   3.7
2023-02-03 11:59:00,   6.35,   2.06,  89.8,  76.1,   0.4
2023-02-03 12:00:00,   6.41,   2.13,  96.3,  74.4,   0.0
2023-02-03 12:01:00,   6.52,   2.15, 101.9,  80.3,   1.2
2023-02-03 12:02:00,   6.58,   2.16, 104.9,  84.5,   0.6
2023-02-03 12:03:00,   6.58,   2.14, 106.9,  89.5,   0.0
2023-02-03 12:04:00,   6.56,   2.13, 107.9,  90.5,   0.0
2023-02-03 12:05:00,   6.43,   2.08, 108.1,  91.5,   3.3
2023-02-03 12:06:00,   6.22,   2.43, 107.8,  96.1,   0.0
2023-02-03 12:07:00,   6.24,   2.00, 102.8,  95.8,   0.1
2023-02-03 12:08:00,   6.13,   2.06,  98.9,  95.0,   0.3
2023-02-03 12:09:00,   6.39,   1.80,  96.5,  93.7,   4.0
2023-02-03 12:10:00,   6.09,   1.46,  96.4,  82.4,   0.2
2023-02-03 12:11:00,   6.00,   1.47,  95.2,  75.6,   0.0
2023-02-03 12:12:00,   5.98,   1.47,  93.5,  64.7,   1.1
2023-02-03 12:13:00,   5.90,   1.47,  90.7,  55.1,   0.6
2023-02-03 12:14:00,   6.50,   2.12,  88.2,  46.9,   4.3
2023-02-03 12:15:00,   6.26,   2.64,  90.0,  45.6,   2.7
2023-02-03 12:16:00,   6.41,   2.11,  86.6,  56.1,   0.6
2023-02-03 12:17:00,   6.46,   2.13,  96.6,  61.0,   0.0
2023-02-03 12:18:00,   6.54,   2.14, 104.1,  63.5,   1.0
2023-02-03 12:19:00,   6.52,   2.11, 107.5,  66.2,   0.5
2023-02-03 12:20:00,   6.52,   2.01, 108.4,  74.4,   0.0
2023-02-03 12:21:00,   6.52,   1.98, 108.5,  77.8,   1.3
2023-02-03 12:22:00,   6.52,   2.50, 108.6,  84.9,   0.5
2023-02-03 12:23:00,   6.20,   1.96, 103.2,  87.2,   0.0
2023-02-03 12:24:00,   6.07,   2.47,  99.7,  88.6,   0.1
2023-02-03 12:25:00,   6.30,   1.45,  97.7,  90.8,   0.0
2023-02-03 12:26:00,   6.07,   1.58,  97.5,  91.5,   0.0
2023-02-03 12:27:00,   6.00,   1.58,  95.4,  90.1,   0.0
2023-02-03 12:28:00,   6.09,   2.72,  93.4,  88.6,   0.2
2023-02-03 12:29:00,   6.46,   2.19,  94.1,  86.9,   0.3
2023-02-03 12:30:00,   6.60,   2.31, 100.8,  85.4,   3.3
2023-02-03 12:31:00,   6.65,   2.34, 104.9,  82.6,   0.0
2023-02-03 12:32:00,   6.61,   2.30, 106.5,  90.3,   0.0
2023-02-03 12:33:00,   6.65,   2.30, 106.7,  92.9,   0.0
2023-02-03 12:34:00,   6.67,   2.33, 106.8,  93.8,   0.0
2023-02-03 12:35:00,   6.65,   2.30, 106.7,  95.5,   0.8
2023-02-03 12:36:00,   6.61,   2.22, 106.4,  97.1,   1.7
2023-02-03 12:37:00,   6.50,   1.89, 106.3,  99.6,   5.1
2023-02-03 12:38:00,   6.54,   2.11, 105.2,  95.6,   3.1
2023-02-03 12:39:00,   6.41,   1.35, 103.9,  83.0,   0.0
2023-02-03 12:40:00,   6.24,   1.39, 102.2,  79.0,   0.0
2023-02-03 12:41:00,   6.95,   2.44,  99.9,  76.3,   0.7
2023-02-03 12:42:00,   6.65,   2.00,  98.5,  71.7,   4.8
2023-02-03 12:43:00,   6.67,   2.07, 102.3,  80.4,   4.9
2023-02-03 12:44:00,   6.78,   2.13, 106.4,  85.1,   0.1
2023-02-03 12:45:00,   6.78,   2.17, 109.4,  84.6,   0.0
2023-02-03 12:46:00,   6.78,   2.19, 111.0,  88.7,   2.6
2023-02-03 12:47:00,   6.80,   2.19, 111.7,  93.8,   0.5
2023-02-03 12:48:00,   6.82,   2.14, 112.0,  96.6,   0.0
2023-02-03 12:49:00,   6.50,   1.95, 112.1,  98.9,   4.3
2023-02-03 12:50:00,   6.60,   2.01, 111.9, 102.1,   3.7
2023-02-03 12:51:00,   6.31,   2.01, 111.1, 101.3,   0.8
2023-02-03 12:52:00,   6.05,   2.06, 109.4, 100.2,   0.8
2023-02-03 12:53:00,   6.05,   2.07, 107.6,  98.5,   3.8
2023-02-03 12:54:00,   6.05,   2.07, 106.0,  97.1,   0.0
2023-02-03 12:55:00,   6.16,   2.08, 105.0,  96.5,   0.0
2023-02-03 12:56:00,   6.26,   2.11, 104.7,  96.0,   5.9
2023-02-03 12:57:00,   6.31,   2.10, 104.3,  98.6,   0.0
2023-02-03 12:58:00,   6.52,   2.11, 104.5,  98.6,   0.0
2023-02-03 12:59:00,   6.65,   2.15, 105.4,  98.1,   0.0
2023-02-03 13:00:00,   6.48,   2.19, 106.7,  97.0,   0.0
2023-02-03 13:01:00,   6.54,   2.11, 106.9,  96.8,   2.6
2023-02-03 13:02:00,   6.43,   2.13, 106.8,  98.2,   0.0
2023-02-03 13:03:00,   6.31,   2.14, 106.2,  98.4,   1.0
2023-02-03 13:04:00,   6.24,   2.08, 105.2,  98.5,   5.2
2023-02-03 13:05:00,   6.35,   2.04, 104.6,  89.3,   5.3
2023-02-03 13:06:00,   6.31,   2.07, 104.6,  66.6,   4.3
2023-02-03 13:07:00,   5.98,   1.95, 104.6,  59.7,   5.2
2023-02-03 13:08:00,   5.98,   2.75, 103.6,  44.9,   4.7
2023-02-03 13:09:00,   5.92,   1.66, 100.4,  39.7,   1.8
2023-02-03 13:10:00,   5.83,   2.40,  98.3,  54.5,   4.6
2023-02-03 13:11:00,   6.18,   1.47,  96.8,  38.8,   1.6
2023-02-03 13:12:00,   5.83,   1.35,  96.7,  43.2,   1.4
2023-02-03 13:13:00,   5.77,   1.36,  94.7,  44.0,   1.6
2023-02-03 13:14:00,   5.73,   2.01,  92.7,  35.5,   2.8
2023-02-03 13:15:00,   6.11,   1.68,  91.2,  29.3,   2.0
2023-02-03 13:16:00,   6.24,   2.12,  91.0,  37.5,   0.6
2023-02-03 13:17:00,   6.22,   2.07,  85.3,  53.2,   0.6
2023-02-03 13:18:00,   6.35,   2.10,  88.0,  61.6,   0.1
2023-02-03 13:19:00,   6.43,   2.09,  92.2,  68.4,   0.9
2023-02-03 13:20:00,   6.50,   2.09,  95.7,  75.7,   1.7
2023-02-03 13:21:00,   6.56,   2.14,  98.6,  83.6,   5.2
2023-02-03 13:22:00,   6.69,   2.13, 100.8,  86.1,   3.0
2023-02-03 13:23:00,   6.56,   2.18, 102.6,  83.9,   3.7
2023-02-03 13:24:00,   6.43,   2.16, 103.4,  79.8,   4.2
2023-02-03 13:25:00,   6.37,   2.13, 103.6,  75.5,   5.8
2023-02-03 13:26:00,   6.48,   2.14, 103.8,  73.3,   3.1
2023-02-03 13:27:00,   6.58,   2.28, 104.5,  74.0,   0.9
2023-02-03 13:28:00,   6.65,   2.45, 104.6,  77.0,   0.0
2023-02-03 13:29:00,   6.60,   2.34, 102.6,  79.6,   2.5
2023-02-03 13:30:00,   6.60,   2.32, 103.1,  90.6,   4.4
2023-02-03 13:31:00,   6.67,   2.34, 103.6,  97.1,   5.4
2023-02-03 13:32:00,   6.78,   2.37, 104.2,  96.7,   0.0
2023-02-03 13:33:00,   6.80,   2.36, 104.8,  96.0,   0.0
2023-02-03 13:34:00,   6.78,   2.30, 105.0,  95.3,   1.4
2023-02-03 13:35:00,   6.78,   2.13, 105.4,  98.7,   0.6
2023-02-03 13:36:00,   6.41,   1.98, 106.2,  99.6,   4.0
2023-02-03 13:37:00,   6.13,   2.08, 103.9,  78.5,   8.1
2023-02-03 13:38:00,   6.37,   2.55,  98.2,  48.2,   4.3
2023-02-03 13:39:00,   6.03,   2.07,  97.1,  39.0,   2.8
2023-02-03 13:40:00,   5.90,   2.07,  97.4,  49.1,   2.5
2023-02-03 13:41:00,   5.92,   2.02,  98.7,  56.7,   4.7
2023-02-03 13:42:00,   6.00,   2.07,  99.9,  67.6,   1.5
2023-02-03 13:43:00,   6.07,   2.16, 101.1,  70.5,   2.9
2023-02-03 13:44:00,   6.31,   2.27, 102.2,  76.1,   1.8
2023-02-03 13:45:00,   6.46,   2.39, 102.9,  80.8,   0.9
2023-02-03 13:46:00,   6.56,   2.43, 103.1,  88.4,   2.5
2023-02-03 13:47:00,   6.65,   2.42, 102.7,  93.7,   3.4
2023-02-03 13:48:00,   6.48,   2.30, 102.6,  95.1,   3.4
2023-02-03 13:49:00,   6.65,   2.14, 102.8,  94.0,   4.0
2023-02-03 13:50:00,   6.46,   2.22, 103.7,  90.5,   4.2
2023-02-03 13:51:00,   6.39,   2.31, 103.9,  85.9,   3.8
2023-02-03 13:52:00,   6.35,   2.34, 102.8,  84.4,   4.3
2023-02-03 13:53:00,   6.35,   2.32, 101.6,  84.0,   2.1
2023-02-03 13:54:00,   6.33,   2.31, 101.1,  84.3,   5.2
2023-02-03 13:55:00,   6.37,   2.30, 100.8,  85.1,   1.6
2023-02-03 13:56:00,   6.46,   2.31, 101.0,  84.0,   4.0
2023-02-03 13:57:00,   6.45,   2.29, 101.1,  87.9,   3.7
2023-02-03 13:58:00,   6.45,   2.29, 101.0,  89.3,   3.4
2023-02-03 13:59:00,   6.54,   2.31, 101.2,  89.9,   3.5
2023-02-03 14:00:00,   6.58,   2.31, 101.8,  90.5,   0.0
2023-02-03 14:01:00,   6.48,   2.27, 102.1,  91.1,   5.4
2023-02-03 14:02:00,   6.56,   2.22, 102.0,  93.3,   3.3
2023-02-03 14:03:00,   6.71,   2.30, 102.4,  89.4,   4.0
2023-02-03 14:04:00,   6.75,   2.39, 103.3,  88.8,   0.0
2023-02-03 14:05:00,   6.73,   2.43, 103.3,  89.7,   4.6
2023-02-03 14:06:00,   6.71,   2.40, 102.5,  96.5,   3.9
2023-02-03 14:07:00,   6.78,   2.40, 102.2,  93.2,   0.0
2023-02-03 14:08:00,   6.82,   2.40, 102.7,  91.8,   4.8
2023-02-03 14:09:00,   6.80,   2.38, 102.9,  94.0,   3.7
2023-02-03 14:10:00,   6.54,   2.28, 102.7,  95.7,   5.7
2023-02-03 14:11:00,   6.50,   2.28, 102.3,  96.3,   5.1
2023-02-03 14:12:00,   6.18,   2.33, 101.6,  90.5,   0.0
2023-02-03 14:13:00,   6.05,   2.34,  99.4,  88.2,   0.3
2023-02-03 14:14:00,   6.00,   2.31,  97.5,  86.6,   0.0
2023-02-03 14:15:00,   6.05,   2.28,  96.2,  85.0,   0.2
2023-02-03 14:16:00,   6.13,   2.26,  96.0,  88.4,   1.4
2023-02-03 14:17:00,   6.28,   2.28,  96.5,  92.5,   0.5
2023-02-03 14:18:00,   6.35,   2.34,  97.3,  92.7,   3.7
2023-02-03 14:19:00,   6.33,   2.31,  97.7,  94.3,   0.0
2023-02-03 14:20:00,   6.30,   2.25,  97.9,  93.9,   0.0
2023-02-03 14:21:00,   6.43,   2.25,  98.4,  93.6,   0.9
2023-02-03 14:22:00,   6.50,   2.32,  99.2,  93.0,   0.8
2023-02-03 14:23:00,   6.46,   2.30,  99.8,  93.9,   0.0
2023-02-03 14:24:00,   6.45,   2.21, 100.0,  95.4,   3.8
2023-02-03 14:25:00,   6.48,   2.22, 100.3,  95.1,   4.4
2023-02-03 14:26:00,   6.63,   2.24, 101.1,  94.0,   0.0
2023-02-03 14:27:00,   6.58,   2.27, 102.3,  92.8,   6.7
2023-02-03 14:28:00,   6.41,   2.10, 102.7,  91.0,   4.8
2023-02-03 14:29:00,   6.18,   2.52, 102.4,  74.4,   3.6
2023-02-03 14:30:00,   6.50,   1.86,  94.8,  50.4,   4.2
2023-02-03 14:31:00,   6.07,   2.06,  90.1,  42.6,   3.2
2023-02-03 14:32:00,   6.01,   2.05,  87.5,  30.4,   4.0
2023-02-03 14:33:00,   5.98,   2.51,  85.4,  24.6,   1.8
2023-02-03 14:34:00,   6.22,   1.37,  84.9,  22.2,   5.9
2023-02-03 14:35:00,   5.90,   1.91,  86.0,  30.1,   1.7
2023-02-03 14:36:00,   6.18,   1.83,  86.1,  26.8,   3.5
2023-02-03 14:37:00,   6.24,   2.29,  90.1,  43.4,   4.2
2023-02-03 14:38:00,   6.31,   2.32,  95.2,  56.9,   4.4
2023-02-03 14:39:00,   6.45,   2.38,  98.2,  56.1,   2.1
2023-02-03 14:40:00,   6.41,   2.42,  99.3,  61.2,   4.6
2023-02-03 14:41:00,   6.45,   2.39,  99.3,  66.5,   2.2
2023-02-03 14:42:00,   6.58,   2.36,  99.4,  67.9,   3.1
2023-02-03 14:43:00,   6.52,   2.31,  99.7,  70.5,   0.0
2023-02-03 14:44:00,   6.54,   2.20, 100.0,  70.7,   0.8
2023-02-03 14:45:00,   6.22,   1.93, 100.2,  70.5,   0.0
2023-02-03 14:46:00,   6.00,   1.93,  98.6,  72.0,   2.9
2023-02-03 14:47:00,   5.96,   2.01,  96.4,  68.3,   3.0
2023-02-03 14:48:00,   6.28,   1.74,  93.4,  53.0,   4.6
2023-02-03 14:49:00,   6.00,   1.29,  90.4,  43.5,   3.1
2023-02-03 14:50:00,   5.83,   1.85,  88.3,  35.5,   4.0
2023-02-03 14:51:00,   6.39,   1.68,  86.2,  28.5,   5.6
2023-02-03 14:52:00,   5.79,   1.47,  87.2,  33.9,   4.4
2023-02-03 14:53:00,   5.75,   1.47,  86.5,  30.0,   6.7
2023-02-03 14:54:00,   5.73,   1.46,  84.4,  22.2,   2.8
2023-02-03 14:55:00,   5.73,   1.45,  82.5,  19.8,   7.4
2023-02-03 14:56:00,   5.71,   1.44,  80.0,  17.8,   5.0
2023-02-03 14:57:00,   5.71,   1.44,  77.5,  15.8,   7.8
2023-02-03 14:58:00,   5.71,   1.43,  72.3,  14.0,   7.6
2023-02-03 14:59:00,   5.49,   1.87,  64.9,  13.3,   6.0
2023-02-03 15:00:00,   5.55,   2.08,  56.0,  13.7,   3.4
2023-02-03 15:01:00,   5.51,   2.07,  45.6,  13.5,   2.0
2023-02-03 15:02:00,   5.49,   2.13,  39.2,  14.0,   4.5
2023-02-03 15:03:00,   5.40,   2.35,  34.1,  13.6,   4.5
2023-02-03 15:04:00,   5.34,   1.85,  36.2,  12.4,   6.6
2023-02-03 15:05:00,   5.38,   1.73,  49.6,  16.2,   4.1
2023-02-03 15:06:00,   5.25,   1.73,  49.8,  18.1,   5.4
2023-02-03 15:07:00,   5.28,   2.07,  40.8,  16.1,   3.5
2023-02-03 15:08:00,   5.21,   2.28,  30.0,  13.7,   6.2
2023-02-03 15:09:00,   5.21,   2.46,  25.4,  12.4,   4.9
2023-02-03 15:10:00,   5.26,   1.72,  42.9,  14.3,   5.8
2023-02-03 15:11:00,   5.19,   1.76,  48.0,  16.9,   3.9
2023-02-03 15:12:00,   5.08,   1.87,  44.0,  17.0,   4.3
2023-02-03 15:13:00,   4.96,   2.08,  33.5,  16.4,   6.1
2023-02-03 15:14:00,   5.02,   2.31,  28.5,  15.0,   5.0
2023-02-03 15:15:00,   4.98,   2.41,  23.4,  15.0,   5.0
2023-02-03 15:16:00,   4.85,   2.42,  20.7,  14.8,   6.8
2023-02-03 15:17:00,   5.06,   2.01,  21.3,  14.0,   6.0
2023-02-03 15:18:00,   5.10,   1.83,  41.4,  15.5,   4.4
2023-02-03 15:19:00,   5.00,   1.84,  44.3,  16.0,   5.2
2023-02-03 15:20:00,   4.83,   2.01,  38.6,  15.2,   7.1
2023-02-03 15:21:00,   4.85,   2.25,  29.9,  14.0,   7.3
2023-02-03 15:22:00,   4.81,   2.34,  23.5,  13.8,   5.1
2023-02-03 15:23:00,   4.70,   2.34,  20.7,  13.6,   6.8
2023-02-06 06:56:00,   4.27,   2.19,  10.8,   9.7,   0.0
2023-02-06 06:57:00,   4.27,   2.17,  10.8,   9.7,   0.0
2023-02-06 06:58:00,   4.80,   2.95,  11.2,   9.6,   0.0
2023-02-06 06:59:00,   5.04,   2.43,  37.9,   9.6,   0.0
2023-02-06 07:00:00,   5.00,   2.38,  54.3,   9.6,   0.0
2023-02-06 07:01:00,   5.13,   2.21,  63.4,   9.5,   0.0
2023-02-06 07:02:00,   5.25,   2.31,  69.2,   9.5,   0.0
2023-02-06 07:03:00,   5.40,   2.21,  73.5,   9.5,   2.5
2023-02-06 07:04:00,   5.58,   2.27,  77.0,   9.5,   0.7
2023-02-06 07:05:00,   5.64,   2.28,  80.1,  21.3,   0.0
2023-02-06 07:06:00,   5.73,   2.34,  81.4,  23.7,   0.0
2023-02-06 07:07:00,   5.86,   2.24,  84.5,  23.9,   0.0
2023-02-06 07:08:00,   6.09,   2.37,  87.1,  24.9,   0.2
2023-02-06 07:09:00,   6.16,   2.38,  88.2,  30.5,   3.6
2023-02-06 07:10:00,   6.31,   2.35,  90.2,  72.6,   0.0
2023-02-06 07:11:00,   6.48,   2.40,  91.9,  74.7,   1.0
2023-02-06 07:12:00,   6.61,   2.42,  93.7,  80.4,   0.0
2023-02-06 07:13:00,   6.69,   2.38,  95.5,  81.6,   0.0
2023-02-06 07:14:00,   6.84,   2.41,  97.6,  81.6,   0.0
2023-02-06 07:15:00,   6.93,   2.39,  99.2,  80.3,   0.0
2023-02-06 07:16:00,   7.03,   2.38, 100.7,  79.6,   0.0
2023-02-06 07:17:00,   7.14,   2.40, 102.6,  79.4,   0.3
2023-02-06 07:18:00,   6.90,   2.31, 103.6,  81.1,   0.1
2023-02-06 07:19:00,   6.56,   2.28, 103.8,  83.4,   0.3
2023-02-06 07:20:00,   6.31,   2.12, 103.0,  85.7,   0.0
2023-02-06 07:21:00,   6.15,   1.98, 103.0,  86.9,   0.0
2023-02-06 07:22:00,   6.20,   2.08, 103.5,  87.2,   0.0
2023-02-06 07:23:00,   6.28,   2.07, 103.7,  87.5,   0.0
2023-02-06 07:24:00,   6.41,   2.13, 104.1,  89.1,   0.0
2023-02-06 07:25:00,   6.43,   2.07, 104.7,  91.3,   0.0
2023-02-06 07:26:00,   6.35,   2.07, 105.2,  93.2,   0.0
2023-02-06 07:27:00,   6.26,   1.94, 104.9,  93.5,   0.0
2023-02-06 07:28:00,   6.33,   1.67, 103.3,  93.7,   1.7
2023-02-06 07:29:00,   6.16,   1.36, 101.1,  95.5,   0.0
2023-02-06 07:30:00,   6.05,   1.36,  99.2,  95.9,   0.0
2023-02-06 07:31:00,   6.24,   2.67,  96.1,  95.6,   2.2
2023-02-06 07:32:00,   6.26,   2.20,  94.5,  95.8,   0.7
2023-02-06 07:33:00,   6.41,   2.34,  96.3,  95.0,   0.0
2023-02-06 07:34:00,   6.65,   2.23,  98.2,  93.9,   0.0
2023-02-06 07:35:00,   6.48,   2.20,  99.2,  92.9,   0.0
2023-02-06 07:36:00,   6.46,   2.18, 100.7,  91.8,   0.0
2023-02-06 07:37:00,   6.45,   2.16, 101.4,  90.2,   0.0
2023-02-06 07:38:00,   6.52,   2.17, 102.1,  88.0,   0.1
2023-02-06 07:39:00,   6.56,   2.16, 102.8,  87.2,   0.0
2023-02-06 07:40:00,   6.58,   2.16, 103.2,  87.6,   0.0
2023-02-06 07:41:00,   6.56,   2.15, 104.0,  88.4,   2.7
2023-02-06 07:42:00,   6.48,   2.11, 104.3,  96.4,   3.8
2023-02-06 07:43:00,   6.54,   2.08, 104.3,  96.9,   0.0
2023-02-06 07:44:00,   6.65,   2.12, 104.6,  96.3,   0.0
2023-02-06 07:45:00,   6.67,   2.14, 105.4,  95.6,   0.0
2023-02-06 07:46:00,   6.63,   2.12, 106.1,  94.7,   0.0
2023-02-06 07:47:00,   6.54,   2.09, 106.4,  93.4,   0.0
2023-02-06 07:48:00,   6.48,   2.01, 106.2,  92.4,   0.0
2023-02-06 07:49:00,   6.48,   1.86, 102.3,  96.3,   0.1
2023-02-06 07:50:00,   6.16,   1.98,  95.7,  96.3,   0.0
2023-02-06 07:51:00,   6.13,   1.97,  92.6,  83.0,   1.3
2023-02-06 07:52:00,   6.16,   2.43,  90.4,  70.4,   0.1
2023-02-06 07:53:00,   6.07,   1.17,  90.3,  52.0,   5.8
2023-02-06 07:54:00,   6.05,   2.28,  89.7,  32.8,   6.2
2023-02-06 07:55:00,   6.45,   1.65,  89.6,  24.0,   4.5
2023-02-06 07:56:00,   6.52,   2.10,  90.4,  42.4,   3.8
2023-02-06 07:57:00,   6.35,   2.05,  91.6,  54.5,   4.9
2023-02-06 07:58:00,   6.39,   2.02,  95.4,  56.4,   4.5
2023-02-06 07:59:00,   6.46,   2.01,  99.2,  60.4,   6.7
2023-02-06 08:00:00,   6.41,   2.09, 102.0,  53.9,   6.3
2023-02-06 08:01:00,   6.46,   2.17, 104.8,  48.6,   3.7
2023-02-06 08:02:00,   6.37,   2.04, 106.4,  53.0,   3.8
2023-02-06 08:03:00,   6.16,   2.14, 105.9,  57.0,   0.8
2023-02-06 08:04:00,   6.30,   1.84, 102.9,  54.2,   3.8
2023-02-06 08:05:00,   5.92,   1.80,  99.8,  55.1,   4.4
2023-02-06 08:06:00,   5.92,   1.80,  97.2,  34.7,   4.8
2023-02-06 08:07:00,   5.88,   1.78,  94.5,  24.5,   2.8
2023-02-06 08:08:00,   5.88,   2.68,  92.2,  20.9,   2.4
2023-02-06 08:09:00,   6.03,   2.24,  90.9,  19.2,   0.1
2023-02-06 08:10:00,   6.20,   2.04,  91.1,  18.8,   0.0
2023-02-06 08:11:00,   6.30,   2.13,  95.4,  18.6,   0.5
2023-02-06 08:12:00,   6.31,   2.13, 100.0,  18.6,   3.0
2023-02-06 08:13:00,   6.35,   2.07, 102.8,  62.6,   4.4
2023-02-06 08:14:00,   6.37,   2.05, 103.4,  77.9,   5.1
2023-02-06 08:15:00,   6.37,   2.09, 104.6,  67.3,   4.5
2023-02-06 08:16:00,   6.41,   2.13, 105.5,  57.4,   6.8
2023-02-06 08:17:00,   6.48,   2.16, 106.4,  56.9,   5.1
2023-02-06 08:18:00,   6.37,   2.16, 106.8,  65.5,   4.7
2023-02-06 08:19:00,   6.41,   2.16, 106.8,  68.4,   2.4
2023-02-06 08:20:00,   6.35,   2.14, 106.6,  74.3,   2.9
2023-02-06 08:21:00,   6.35,   2.14, 106.3,  78.5,   4.0
2023-02-06 08:22:00,   6.39,   2.13, 106.2,  79.3,   2.4
2023-02-06 08:23:00,   6.39,   2.13, 106.2,  80.3,   2.6
2023-02-06 08:24:00,   6.43,   2.11, 106.2,  79.9,   5.0
2023-02-06 08:25:00,   6.45,   2.10, 106.2,  74.9,   3.8
2023-02-06 08:26:00,   6.37,   2.09, 106.2,  74.9,   3.7
2023-02-06 08:27:00,   6.43,   2.04, 106.2,  69.8,   5.6
2023-02-06 08:28:00,   6.43,   2.03, 106.3,  60.8,   1.9
